lemma_id,lemma,sense_id,sense_entry,proposed_resolved_meaning
516,akṣinikāṇam (अक्षिनिकाणम्),251,also nikāṇam-akṣi (निकाणम्-अक्षि) id.,"with half-closed eyes, Pāṇ. iii, 4, 54, Sch."
1647,acyutavāsa (अच्युतवास),668,"acyutā (अच्युता)vasa id., T.","the sacred fig-tree, Ficus Religiosa"
10474,abhinu (अभिनु),3448,"2. abhi- (अभि-)√ 4. nu (नु)   P. Ā. (pr. 1. pl. -navāmahe (-नवामहे), 3. pl. -navante (-नवन्ते); impf. P. 3. pl. -anāvan (-अनावन्); aor. 1. sg. -anūṣi (-अनूषि), 3. du. -anūṣātām (-अनूषाताम्), 3. pl. -anūṣata (-अनूषत) [very frequently] or -nūṣata (-नूषत), RV. ix, 103, 3) to shout towards (acc.), RV. : Intens. (1. pl. -nonumas (-नोनुमस्)) id., RV.","1. abhi- (अभि-)√ 3. nu (नु)   Ā. (3. pl. abhīnávante (अभीनवन्ते॑)) to turn one's self towards (acc.), RV. ix, 100, 1."
11152,abhiśuc (अभिशुच्),3630,"2. abhi- (अभि-)√ 2. śuc (शुच्)   (Imper. -śocatu (-शोचतु); Subj. 2. sg. -śocas (-शोचस्)) to flame towards, burn, consume, RV.; VS.; KātyŚr.; to burn, torment, AV.; VS.; KātyŚr.: Caus. (aor. Subj. 3. pl. -śūśucan (-शूशुचन्)) to burn, consume (by fire), VS.; TS. : Intens. (p. -śośúcāna (-शोशु॑चान)) id., RV. x, 87, 9 and 14.","1. abhi- (अभि-)√ 1. śuc (शुच्)   to mourn, MBh. xii, 11242."
11642,abhojana (अभोजन),3772,"a-bhojana (अ-भोजन)   n. pl. id., Kathās.","not eating, fasting, KātyŚr.; Mn. &amp;c."
12167,amatra (अमत्र),3946,"amátra (अमत्र)   m. id., RV. iii, 36, 4.","violent, strong, firm, RV. i, 61, 9 and iv, 23, 6"
13074,ayaspātra (अयस्पात्र),4261,"ayas—pātra (अयस्—पात्र)   f(ī (ई))n. id., Pāṇ. viii, 3, 46, Sch.","an iron vessel, AV. viii, 10, 22; Suśr. (v.l.)"
13257,ayogū (अयोगू),4313,"ayogū (अयोगू)   (ūs (ऊस्)), f. id.? See ayogava (अयोगव)."," = ayo-guda, an iron ball"
13408,aram (अरम्),4363,"(with puru (पुरु), or prithu (प्रिथु)) enough, sufficiently, RV. i, 142, 10 and v, 66, 5 with dat., e.g. (bhaktaya (भक्तय)) id., Pāṇ. viii, 2, 18, Kāś. [cf. alám (अलम्) and Gk. ἄρα].","(with puru (पुरु), or prithu (प्रिथु)) enough, sufficiently, RV. i, 142, 10 and v, 66, 5 with dat., e.g. (bhaktaya (भक्तय)) id., Pāṇ. viii, 2, 18, Kāś. [cf. alám (अलम्) and Gk. ἄρα]."
13425,arara (अरर),4367,"arara (अरर)   (am (अम्)), n. id., Mcar.","a covering, a sheath, L.,"
13505,ari (अरि),4399,"(arís (अरि॑स्)) id., AV. vii, 88, 1 and xiii, 1, 29, (in astron.) a hostile planet, VarBṛS.","2. a-ri (अ-रि)   mfn. (√ rā (रा); = 1. ari (अरि), assiduous, &amp;c., Gmn.), not liberal, envious, hostile, RV."
13861,arcis (अर्चिस्),4558,"arcis (अर्चिस्)   f. id., ŚBr. ii; Up. &amp;c., (is (इस्)), N. of the wife of khṛśāśva (ख्ṛśāśव) and mother of dhhūmaketu (ध्ह्ūमकेतु), BhP.","ray of light, flame, light, lustre, RV. (once. pl. arcīnṣí (अर्चीन्षि॑), RV. vii, 62, 1), AV.; ŚBr. &amp;c."
14396,arbuda (अर्बुद),4752,"arbuda (अर्बुद)   (as (अस्)), m. id., RV. i, 51, 6 and x, 67, 12","Ved. a serpent-like demon (conquered by īndra (ईन्द्र), a descendant of khadrū (खद्र्ū) therefore called khādraveya (ख्āद्रवेय), ŚBr.; AitBr.; said to be the author of RV. x, 94; RAnukr.), RV. &amp;c."
14407,arbha (अर्भ),4761,"(arbha (अर्भ)),   mfn. id., AV. vii, 56, 3","mf(ā (आ))n. little, small, unimportant, RV."
16941,avratya (अव्रत्य),5651,"a-vratya (अ-व्रत्य)   mfn. with karman (कर्मन्) id., Gobh.","am (अम्), n. anything out of harmony with, or violating, a religious obligation, ŚBr.; AitBr.; AitĀr."
17186,aśocya (अशोच्य),5717,"a-śocya (अ-शोच्य)   n. impers. id., Hariv. 6062.","not to be lamented, Kād."
17280,aśrama (अश्रम),5742,"id., RV. vi, 21, 12","indefatigable, RV. vii, 69, 7"
17479,aśvayuj (अश्वयुज्),5794,"aśva—yuj (अश्व—युज्)   (-yujáu (-युजौ॑)), f. du. id., AV. xix, 7, 5; TBr.","harnessing horses, RV. v, 54, 2"
17908,asaṃkara (असंकर),5938,"a-saṃkara (अ-संकर)   mfn. with dharma (धर्म) id., MBh. xiv, 2777","non-mixture of caste, Gaut."
17909,asaṃkalpa (असंकल्प),5940,"a-saṃkalpa (अ-संकल्प)   n. id., R. i, 67, 15.","absence of desire, BhP."
18609,astṛta (अस्तृत),6191,"mfn. id., AV. i, 20, 4 and v, 9, 7.","not overcome, invincible, indestructible, RV.; AV. xix, 46"
19161,ahīna (अहीन),6356,"ahī́na (अही॑न)   n. id. Comm. on Mn. xi, 197","1. ahī́na (अही॑न)   m. (fr. ahán (अहन्), Pāṇ. vi, 4, 145) ‘lasting several days’, a sacrifice lasting several days, AitBr.; ĀśvŚr. &amp;c."
19875,āṅgūṣa (आङ्गूष),6680,"āṅgūṣa (आङ्गूष)   (am (अम्)), n. id., RV. i, 117, 10; vi, 34, 5.","praising aloud, a hymn, RV."
26668,udakadātṛ (उदकदातृ),10189,"udaka—dātṛ (उदक—दातृ)   m. id., ib.","a giver of water, yielding water, offering water to the dead, L.; (as), an heir, a kinsman, L."
32951,oṣadhivanaspati (ओषधिवनस्पति),13276,"oṣa-dhi—vanaspati (ओष-धि—वनस्पति)   (ayas (अयस्)), m. pl. id., AitUp.","herbs and trees, ŚBr. vi"
35258,kamandaka (कमन्दक),14369,"kamandaka (कमन्दक)   m. pl. id., ib."," = kamantaka, N. of a man; (ās) N. of his descendants, gaṇa upakâdi, Pāṇ. ii, 4, 69."
38832,kārṣāpaṇika (कार्षापणिक),16252,"ifc. id., v, 1, 29.","paRika   mf(ī (ई))n. worth one khārṣāpaṇa (ख्āर्ṣāपṇअ), bought &amp;c. with one khārṣāpaṇa (ख्āर्ṣāपṇअ), Pāṇ. v, 1, 25, Vārtt. 2"
39060,kālena (कालेन),16426,"with gacchatā (गच्छता) id., VP.","(ena (एन)), ind. instr. in the course of time, Mn. ix, 246; MBh. &amp;c."
39060,kālena (कालेन),16429,kālena mahatā (कालेन महता) or bahunā (बहुना) id.,"(ena (एन)), ind. instr. in the course of time, Mn. ix, 246; MBh. &amp;c."
39385,kāvya (काव्य),16523,"[id., RV. v, 39, 5; x, 144, 2; VS.]","(fr. kavi (कवि)), endowed with the qualities of a sage or poet, descended or coming from a sage, prophetic, inspired, poetical, RV. i, 117, 12; viii, 8, 11; VS.; AV."
39435,kāśa (काश),16541,"kāśa (काश)   f(ā (आ), ī (ई)).  id., L.","‘the becoming visible, appearance’, only in sa-k° (स-क्°), q.v."
39435,kāśa (काश),16542,"kāśa (काश)   n. id., L.","‘the becoming visible, appearance’, only in sa-k° (स-क्°), q.v."
40056,kilima (किलिम),16788,"kilima (किलिम)   m. id., L.","a kind of pine (Pinus Deodar cf. deva-dāru (देव-दारु)), Car."
40218,kīlāla (कीलाल),16895,"kīlāla (कीलाल)   (am (अम्)), n. id., Naigh. ii, 7","a sweet beverage (also a heavenly drink similar to āmṛta (आम्ṛत), the food of the gods), AV.; VS.; Kauś."
42436,kūyava (कूयव),17966,"kū-yava (कू-यव)   m. pl. id., TS. iv.","N. of particular grains, MaitrS. ii, 11, 4; Kapiṣṭh. xxviii, 9"
43042,kṛdara (कृदर),18251,"kṛdára (कृदर)   m. id., Uṇ. v, 41.","a store-room, VS. xxix, 1 (Nir. iii, 20)"
43604,kṛsara (कृसर),18447,"kṛsara (कृसर)   m. pl. id., Suśr.; Kathās.","(Pāṇ. viii, 3, 59, Vārtt. 1; often spelt kṛśara (कृशर)) a dish consisting of sesamum and grain (mixture of rice and peas with a few spices), ṢaḍvBr. v, 2; Kauś.; ĀśvGṛ.; Gobh.; Mn. &amp;c."
43724,keyūra (केयूर),18540,"keyūra (केयूर)   m. id., Bhartṛ. ii, 16","a bracelet worn on the upper arm, MBh.; R.; Ragh. &amp;c."
43908,keśaśmaśru (केशश्मश्रु),18599,"pl. (ūṇi (ऊणि)) id., ŚāṅkhŚr.","(g. rājadantā (राजदन्ता)di) the hair of the head and the beard, AV. viii, 2, 17; ŚBr.; KātyŚr."
45779,kva (क्व),19511,"kvacid api na (क्वचिद् अपि न) id., Megh.","(fr. 1. ku (कु), Pāṇ. v, 3, 12; v, 2, 105) loc. of 2. ka (क) = kasmin (कस्मिन्), or katarasmin (कतरस्मिन्), Mn. x, 66 (kva śreyas-tvam (क्व श्रेयस्-त्वम्), in whom is the preference?), Kathās. lxxxiii, 36"
45779,kva (क्व),19513,"yatrá kva^-ca (यत्र क्व^-च) id., ŚBr.; ChUp.; Lāṭy.; BhP.","(fr. 1. ku (कु), Pāṇ. v, 3, 12; v, 2, 105) loc. of 2. ka (क) = kasmin (कस्मिन्), or katarasmin (कतरस्मिन्), Mn. x, 66 (kva śreyas-tvam (क्व श्रेयस्-त्वम्), in whom is the preference?), Kathās. lxxxiii, 36"
46303,kṣaya (क्षय),19722,"end, termination (e.g. nidrā-kṣ° (निद्रा-क्ष्°), the end of sleep, R. vi, 105, 14; dina-kṣaye (दिन-क्षये), at the end of day, MBh. i, 699; R. iv, 3, 10; jīvita-kṣaye (जीवित-क्षये), at the end of life, Daś.; āyuṣaḥ kṣ° (आयुषः क्ष्°) id., Ragh.; kṣayaṃ √ gam (क्षयं √ गम्), √ yā (या), √ i (इ), or upa√ i (उप√ इ), to become less, be diminished, go to destruction, come to an end, perish, Nal.; R.; Suśr.; VarBṛS.; Daś.; Amar.; Hit.; kṣayaṃ√ nī (क्षयं√ नी), to destroy, R. v, 36, 51)","3. kṣaya (क्षय)   (the accent is on the last syllable in the sense ‘destruction’, accord. to Pāṇ. iii, 3, 56 and vi, 1, 63.) m. (Pāṇ. vi, 1, 201) loss, waste, wane, diminution, destruction, decay, wasting or wearing away (often ifc.), Mn.; MBh. &amp;c."
49043,gandhamālya (गन्धमाल्य),20914,"gandha—mālya (गन्ध—माल्य)   n. pl. id., Mn. iii, 209; MBh. &amp;c. (ifc. f(ā (आ)). , Ragh. ii, 1)","du. fragrances and garlands, ChUp. viii, 2, 6"
49705,garbhāṣṭama (गर्भाष्टम),21300,"garbhā (गर्भा)zwama   mfn. with abda (अब्द) id., Mn. ii, 36; Yājñ.","zwama   m. the eighth month of uterine gestation, W."
50035,gāthānārāśaṃsī (गाथानाराशंसी),21459,"gāthā—nārāśaṃsī (गाथा—नाराशंसी)   f. pl. id., ŚBr. xi, 5, 6, 8 (cf. nārāśaṃsī (नाराशंसी).)","du. epic songs and particularly those in praise of men or heroes, MaitrS. i, 11, 5"
50182,gādha (गाध),21503,"gādha (गाध)   (as (अस्)), m. id., R. v, 94, 12","mf(ā (आ))n. (ifc. Pāṇ. vi, 2, 4) offering firm standing-ground, fordable (as a river), not very deep, shallow, KauṣBr. ii, 9; Nir.; MBh. &amp;c."
50604,guggulu (गुग्गुलु),21703,"guggúlu (गुग्गु॑लु)   m. id., Yājñ. i, 278; MBh. xiii; Suśr.; Bhpr.","(= gulg° (गुल्ग्°)) bdellium or the exudation of Amyris Agallochum (a fragrant gum resin, used as a perfume and medicament), AV. (called saindhava (सैन्धव) or samudriyá (समुद्रिय), ‘obtained near rivers or the sea’, xix, 38, 2), Kauś.; ĀśvŚr. xi, 6, 3"
50751,guṇadoṣa (गुणदोष),21799,"guṇa—doṣa (गुण—दोष)   n. sg. id., R. iii, 44, 8","du. virtue and vice, Mn."
50955,guda (गुद),21889,guda (गुद)   n. id.,"an intestine, entrail, rectum, anus, VS.; TS. vi; ŚBr. iii, viii; Kauś. &amp;c."
51765,goaśva (गोअश्व),22215,"go—aśva (गो—अश्व)   m. pl. id., ŚBr. xiv, 9, 1, 10 (cf. gavā (गवा)Sva.)","sg. cattle and horses, ChUp. vii, 24, 2"
52140,gomithuna (गोमिथुन),22402,"go—mithuna (गो—मिथुन)   m. du. id., ŚāṅkhŚr. iii, 14, 17.","sg. a bull and a cow, ĀśvGṛ.; Gobh.; Mn. iii"
55586,cara (चर),24096,"cara (चर)   mf(ī (ई))n. ifc. (Pāṇ. v, 3, 53 f.; vi, 3, 35 f.) having been formerly (e.g. āḍhya- (आढ्य-), devadatta- (देवदत्त-), qq.vv.; a-dṛṣṭa- (अ-दृष्ट-) or nadṛṣṭa- (नदृष्ट-), ‘not seen before’, Kathās. [once f. irr. ā (आ), lx, 58] Sarvad. iii, 16; vii, 19; an-ālokita- (अन्-आलोकित-) id., Bālar. iv, 54/55)","(g. pacā (पचा)di) moving, locomotive (as animals opposed to plants, or as the kharaṇa (खरṇअ)s in astrol.), VPrāt.; ŚvetUp. iii, 18; Mn. vii, 15; MBh. &amp;c."
56059,cātuṣprāśya (चातुष्प्राश्य),24342,"cātuṣprā (चातुष्प्रा)Sya/   m. (scil. odana (ओदन)) id., KātyŚr.; Lāṭy.","Sya/   mfn. (fr. catuṣ-prā (चतुष्-प्रा)Sa, Pāṇ. v, 4, 36, Vārtt. 4) enough for 4 persons to eat, ŚBr. ii, xi"
56059,cātuṣprāśya (चातुष्प्राश्य),24343,"cātuṣprā (चातुष्प्रा)Sya/   n. id., TS. vi.","Sya/   mfn. (fr. catuṣ-prā (चतुष्-प्रा)Sa, Pāṇ. v, 4, 36, Vārtt. 4) enough for 4 persons to eat, ŚBr. ii, xi"
56133,cāmara (चामर),24385,"cāmara (चामर)   n. id. (a kind of plume on the heads of horses &amp;c., Śak.; Vikr.; Kād.), MBh. &amp;c. (ifc. f(ā (आ)). , Kum. vii, 42)","coming from the Yak (cam° (चम्°)), BhP. viii, 10, 13"
56327,cālaka (चालक),24478,"‘id.’ and ‘= cākrika (चाक्रिक)’, Śiś. v.","a restive elephant (said of a person, Rājat. viii, 1644), L."
56375,citipurīṣa (चितिपुरीष),24511,"citi—purīṣa (चिति—पुरीष)   n. du. id., KātyŚr. xvii.","the layer (of wood &amp;c.) and the rubble-stones, ŚBr. viii"
56426,cikkaṇa (चिक्कण),24547,"cikkaṇa (चिक्कण)   f(ā (आ), ī (ई)).  id., L.","mf(ā (आ))n. smooth, slippery, unctuous, MBh. xii, 6854; xiv, 1416; Suśr.; Śak."
57542,ced (चेद्),25041,"no ced (नो चेद्) (g. cā (चा)di) id. (forming a sentence by itself. e.g. dūram apasara no ced dhantavyo 'si mayā (दूरम् अपसर नो चेद् धन्तव्यो ऽसि मया), ‘depart to a distance, if not i.e. if thou departest not, thou art to be killed by me’), MBh. xii, 7, 21 and 29, 145; Pañcat.; Kathās.; Vet.; Hit.","d   ind. (Padap. ca id (च इद्)) (never found at the beginning of a sentence or verse) = ca (च), ‘and’, AV. ii, 30, 2 (ced-ca (चेद्-च), ‘as well as’), xviii, 2, 37"
58585,jaṅgala (जङ्गल),25606,jaṅgala (जङ्गल)   n. id.,"arid, sterile, desert, L."
58758,jana (जन),25711,"janá (जन)   m. (g. vṛṣā (वृषा)di) creature, living being, man, person, race (pañcá janās (पञ्च जनास्), ‘the five races’ = p° kṛṣṭayás (प्° कृष्टयस्), RV. iii, viii ff.; MBh. iii, 14160), people, subjects (the sg. used collectively, e.g. daívya (दैव्य) or divyā j° (दिव्या ज्°), ‘divine race’, the gods collectively, RV.; mahat j° (महत् ज्°), many people, R. vi, 101, 2; often ifc. denoting one person or a number of persons collectively, e.g. preṣya- (प्रेष्य-), bandhu- (बन्धु-), sakhī- (सखी-) &amp;c., qq.vv. ; with names of peoples, VarBṛS. iv, 22 and v, 74; ayaṃ janaḥ (अयं जनः), ‘this person, these persons’, I, we, MBh. viii, 709; Hariv. 7110; R. ii, 41, 2; Śak. &amp;c.; eṣa j° (एष ज्°), id., Kāvyād. ii, 75), RV. &amp;c.","janá (जन)   m. (g. vṛṣā (वृषा)di) creature, living being, man, person, race (pañcá janās (पञ्च जनास्), ‘the five races’ = p° kṛṣṭayás (प्° कृष्टयस्), RV. iii, viii ff.; MBh. iii, 14160), people, subjects (the sg. used collectively, e.g. daívya (दैव्य) or divyā j° (दिव्या ज्°), ‘divine race’, the gods collectively, RV.; mahat j° (महत् ज्°), many people, R. vi, 101, 2; often ifc. denoting one person or a number of persons collectively, e.g. preṣya- (प्रेष्य-), bandhu- (बन्धु-), sakhī- (सखी-) &amp;c., qq.vv. ; with names of peoples, VarBṛS. iv, 22 and v, 74; ayaṃ janaḥ (अयं जनः), ‘this person, these persons’, I, we, MBh. viii, 709; Hariv. 7110; R. ii, 41, 2; Śak. &amp;c.; eṣa j° (एष ज्°), id., Kāvyād. ii, 75), RV. &amp;c."
58845,janārṇava (जनार्णव),25731,"‘id.’, a caravan, MBh.","rRava   m. ‘man-ocean’, a caravan, Nal. xiii, 16."
59040,janya (जन्य),25835,"ifc. born or arising or produced from, occasioned by, Śiś.; Bhāṣāp.; Tarkas. &amp;c. (-tā (-ता) f. abstr. Vedāntas.; -tva (-त्व) n. id., KapS., Sch.)","1. janya (जन्य)   mfn. (√ jan (जन्), Pāṇ. iii, 4, 68; iii, 1, 97; Pat.) born, produced, Bhāṣāp. 44; BrahmaP."
59223,jayaparājaya (जयपराजय),25970,"jaya—parājaya (जय—पराजय)   n. sg. id., Pañcat.; Dhūrtas. ii, 8/9.","du. = °yā (°या)jaya, Yājñ. ii, 6, Sch."
59277,jayājaya (जयाजय),26000,"jayā (जया)jaya   n. sg. id., VarYogay. vi, 29.","jaya   m. du. victory and defeat, Bhag. ii, 38"
59378,jarāmṛtyu (जरामृत्यु),26085,du. id. g. kārta-kaujapā (कार्त-कौजपा)di.,"(°rā- (°रा-)), mfn. dying from age, AV. ii, xix"
61036,jugupsita (जुगुप्सित),26865,"(also karma- (कर्म-) id., i, 7, 42)","abhorring anything (abl.), Vop. v, 21"
61791,jhara (झर),27202,"jhara (झर)   f(ā (आ), ī (ई)).  id., Prab. iv, 12","a water-fall, L."
62398,tatas (ततस्),27474,"ta°táḥ paścāt (त°तः पश्चात्) id., Mn. iii, 116 f.; MBh. &amp;c.","thereupon, afterwards, Mn. iii, 116 f.; MBh. &amp;c."
62549,tathā (तथा),27551,"tathā (तथा)pi tu id., Śak.","(ta-thā (त-था), correlative of ya-thā (य-था), Pāṇ. v, 3, 26; g. cā (चा)di, Kāś. &amp; Gaṇar.) in that manner, so, thus (the correlative standing in the preceding or in the subsequent clause, e.g. yathā priyaṃ (यथा प्रियं), tathā (तथा)stu, ‘as is agreeable, so let it be’; tathā p"
62549,tathā (तथा),27555,"atho tathā (अथो तथा) id., ib.","(ta-thā (त-था), correlative of ya-thā (य-था), Pāṇ. v, 3, 26; g. cā (चा)di, Kāś. &amp; Gaṇar.) in that manner, so, thus (the correlative standing in the preceding or in the subsequent clause, e.g. yathā priyaṃ (यथा प्रियं), tathā (तथा)stu, ‘as is agreeable, so let it be’; tathā p"
63308,taraṇḍa (तरण्ड),27993,"taraṇḍa (तरण्ड)   f(ā (आ), ī (ई)).  id., L.","N. of a place, L."
63843,tānūnaptrin (तानूनप्त्रिन्),28260,"sa- (स-) id., MaitrS. iii, 7, 10; AitBr. i, 24; ŚBr. iii, 4, 2, 9; KātyŚr. viii, 1, 26.","a coadjutor in the thānūnaptra (थ्āन्ūनप्त्र) ceremony, ĀpŚr. xi"
64859,tilaka (तिलक),28775,"tilaka (तिलक)   n. id., L.","(g. sthūlā (स्थूला)di) Clerodendrum phlomoides (Symplocos racemosa, L.), MBh. &amp;c."
65619,tūṇi (तूणि),29132,"tūṇi (तूणि)   f. id., R. (B) iii, 8, 19"," = °ṇa (°ण), R. ii, 31, 30"
66624,triguṇa (त्रिगुण),29543,"tri—guṇa (त्रि—गुण)   m. pl. id., Tattvas.","sg. the 3 ghuṇa (घुṇअ)s (sattva (सत्त्व), rajas (रजस्), and tamas (तमस्)), BhP. iv"
67158,triśiras (त्रिशिरस्),29768,"tri—śiras (त्रि—शिरस्)   n. (with rakṣas (रक्षस्)) id., R. i, 1, 45","three-headed (thvāṣṭra (थ्व्āṣṭर), author of RV. x, 8.), TāṇḍyaBr. xvii; Bṛh.; KauṣUp.; MBh.; Kām."
68215,daṇḍahasta (दण्डहस्त),30178,"daṇḍa—hasta (दण्ड—हस्त)   f(ā (आ), ī (ई)).  (ā (आ), L.; ī (ई), Bhpr. v, 2, 29) id.","staff-handed, MBh. vi, 4959 (ñama (ञम))"
72817,devakhāta (देवखात),31896,"deva—khāta (देव—खात)   n. a cave or cavern, W. (-ka (-क) n. id., L.)","‘dug by the g°’, hollow by nature"
73389,devaka (देवक),32105,"divine, celestial id.","mf(ikā (इका))n. who or what sports or plays, W."
76234,dharā (धरा),33012,one of the 8 forms of śarasvatī (शरस्वत्ī) id.,"‘bearer, supporter’, the earth, Mn.; MBh.; Kāv. &amp;c."
82705,nikaṭa (निकट),35369,"ni-kaṭa (नि-कट)   m. or n. nearness, proximity (°ṭam (°टम्) ind. near to, towards, with gen. or comp.; °ṭe (°टे), ind. id., near, at hand; °ṭāt (°टात्) ind., away from), R.; Pañc.; Kathās. &amp;c.","mf(ā (आ))n., being at the side, near"
88300,paṇāya (पणाय),37473,"paṇāya (पणाय)   Nom. P. Ā. °yati (°यति) id., Pāṇ. iii, 1, 28; Naigh. iii, 14 (v.l. °te (°ते)); to sell (inf. °yitum (°यितुम्)), Kathās.","Nom. P. Ā. °yati (°यति), to honour, praise, L."
88813,padanyāsa (पदन्यास),37697,"conduct, procedure (?) id.","putting down the feet, step, footmark, MBh.; R. &amp;c."
89372,param (परम्),37979,"but, however, otherwise (paraṃ tu (परं तु) or paraṃ kiṃ tu (परं किं तु) id.; yadi p° (यदि प्°), if at all, perhaps, at any rate; na-p° (न-प्°), not-but; na p°araṃ-api (न प्°अरं-अपि), not only-but also; paraṃ na-api na (परं न-अपि न), not only not-but not even; na p°araṃ-yāvat (न प्°अरं-यावत्), not only-but even), ib.","(am (अम्)), ind. afterwards, later"
89951,paras (परस्),38118,(with instr.) id. (also para énā (पर एना) or enā páraḥ (एना परः)),"beyond, further, off, away"
93582,pāñcālya (पाञ्चाल्य),39566,"pāñcālya (पाञ्चाल्य)   m. = id. m., MBh.", = °cāla (°चाल) mfn.
95711,pitrya (पित्र्य),40509,"relating or consecrated to the phitṛ (फित्ṛ)s, Mn.; MBh. &amp;c. (with tīrtha (तीर्थ) n. = pitṛ-t° (पितृ-त्°), Mn. ii, 59; with diś (दिश्) f. the south, ŚāṅkhGṛ.; with pra-diś (प्र-दिश्) id., RV.)","mf(ā (आ))n. derived from or relating to a father, paternal, patrimonial, ancestral, RV. &amp;c. &amp;c."
103526,pratyāhāra (प्रत्याहार),43655,"sound, ib. (prob. w.r. for id.)","drawing back (troops from a battle), retreat, MBh."
104759,pramedita (प्रमेदित),44173,"one who has begun to show affection, Bhaṭṭ. (-vat (-वत्) mfn. id., Pāṇ. i, 2, 19)","one who has begun to show affection, Bhaṭṭ. (-vat (-वत्) mfn. id., Pāṇ. i, 2, 19)"
105088,prayojana (प्रयोजन),44351,"°na-vaśāt (°न-वशात्) id., Pañcat.","(ifc. f(ā (आ)). ) occasion, object, cause, motive, opportunity, purpose, design, aim, end, Prāt.; MBh.; Kāv. &amp;c."
105088,prayojana (प्रयोजन),44353,"kasmai prayoja°nāya (कस्मै प्रयोज°नाय), kasmāt prayoja°nāt (कस्मात् प्रयोज°नात्), kasya prayojanasya (कस्य प्रयोजनस्य) and kasmin prayoja°ne (कस्मिन् प्रयोज°ने) id., Kāś. on Pāṇ. ii, 3, 27","(ifc. f(ā (आ)). ) occasion, object, cause, motive, opportunity, purpose, design, aim, end, Prāt.; MBh.; Kāv. &amp;c."
106238,praseka (प्रसेक),44908,"(-tā (-ता) f. id., ŚārṅgS.)","flowing forth, dropping, oozing, effusion, MBh.; Kāv.; Suśr."
108142,priya (प्रिय),45696,"fond of attached or devoted to (loc.), RV. (id. in comp., either ibc., e.g. priya-devana (प्रिय-देवन), ‘fond of playing’, or ifc., e.g. akṣa-priya (अक्ष-प्रिय), ‘fond of dice’, cf. Pāṇ. ii, 2, 35, Vārtt. 2; ifc. also = pleasant, agreeable, e.g. gamana-priya (गमन-प्रिय), ‘pleasant to go’, vi, 2, 15Sch.)","mf(ā (आ))n. beloved, dear to (gen. loc. dat. or comp.), liked, favourite, wanted, own, RV. &amp;c. &amp;c. (with abl. ‘dearer than’, R.; Kathās.; Pañcat.; priyaṃ-√ kṛ (प्रियं-√ कृ) Ā. kurute (कुरुते), either ‘to gain the affection of, win as a friend’, RV.; or ‘to feel affection for,"
108613,preṅkha (प्रेङ्ख),45852,"pre (प्रे)NKa/   mfn. a swing, a sort of hammock or swinging-cot, Br.; ŚrS.; BhP.; Suśr. (m. du. the two posts between which a swing moves, Āpast.; id. [with nakulasya vāma-devasya (नकुलस्य वाम-देवस्य)] and sg. [with marutām (मरुताम्)] N. of śāman (श्āमन्)s, ĀrṣBr.; °kha-phalaka (°ख-फलक) n. the board or seat in a swing, ŚāṅkhŚr.; °khe (°खे)NKana n. swinging, BhP.)","NKa/   mfn. trembling, rocking, swaying, pitching, RV.; AV."
116975,bhūruha (भूरुह),48973,"bhū—ruha (भू—रुह)   m. id., Suśr.; BhP.","‘earth-grower’, a plant, tree, Prab.; Caṇḍ. &amp;c."
119269,maṇḍaka (मण्डक),49958,"a partic. musical air, Saṃgīt. (cf. id.)","(ifc., with f(ikā (इका)). ), rice-gruel, Hariv."
128811,mṛṇālikā (मृणालिका),53718,"mṛṇālikā (मृणालिका)   f. id., Ratnāv.","a lotus-root or fibre, Ratnāv."
131351,yadi (यदि),54506,"yadi vā (यदि वा) id. or = ‘yet’, ‘however’.","(in Veda (Vएद) also yadī́ (यदी), sometimes yadi cit (यदि चित्), yadi ha vai (यदि ह वै), yadī́ (यदी)t, yady ú (यद्य् उ), yady u vai (यद्य् उ वै)) if, in case that, RV. &amp;c. &amp;c. In the earlier language yadi (यदि) may be joined with Indic. Subj. or ḻeṭ (ळेṭ) Pot., or Fut., th"
132230,yātanā (यातना),54834,"yātanā (यातना)   f. id. (°nāṃ-√ dā (°नां-√ दा), to make requital, revenge; vaira-y° (वैर-य्°), vengeance; cf. above), MBh.; Hariv.; Pañcat.","requital, retaliation, return (°nāṃ-√ dā (°नां-√ दा), to make requital, revenge; vaira-y° (वैर-य्°), vengeance; cf. above), MBh.; Hariv.; Pañcat."
132265,yādas (यादस्),54839,"any large aquatic animal, sea monster, MBh.; Kāv. &amp;c. (°sāṃ nāthaḥ (°सां नाथः), ‘lord of aq° an°’, N. of Varuṇa (Vअरुṇअ), L.; °sāṃ prabhuḥ (°सां प्रभुः) id., Rājat.; °sām patiḥ (°साम् पतिः) id. or ‘the sea’, L.)","‘close union (?)’, voluptuousness, VS.; TBr."
143784,vara (वर),59529,"vará (वर)   m. boon, gift, reward, benefit, blessing, favour (varā́ya (वराय), varám ā (वरम् आ), pratí varam (प्रति वरम्) or varáṃ varam (वरं वरम्), ‘according to wish, to one's heart's content’; mad-varāt (मद्-वरात्), ‘in consequence of the boon granted by me’; varáṃ-√ vṛ (वरं-√ वृ), ‘to choose a boon’; varaṃ-√ yāc (वरं-√ याच्) or ā-√ kāṅkṣ (आ-√ काङ्क्ष्) or √ brū (ब्रू) or Caus. of pra-√ arth (प्र-√ अर्थ्), ‘to prefer a request’; varáṃ√ dā (वरं√ दा), ‘to grant a boon or blessing’; varam pra-√ dā (वरम् प्र-√ दा) or pra-√ yam (प्र-√ यम्) id.; varaṃ-√ labh (वरं-√ लभ्), ‘to receive a boon or reward’), RV. &amp;c. &amp;c.","(rarely n.; ifc. f(ā (आ)). ) ‘act or object of choosing’, election, wish, request"
146006,vākpatha (वाक्पथ),60537,"the compass or range of sp° (vā (वा)k-paTa-pAram avApita, passed beyond the range of speech indescribable; atī (अती)ta-v° id.), Śiś.; Naiṣ.","suitable or seasonable for discourse, W."
147057,vāyudatteya (वायुदत्तेय),61009,"vāyu—datteya (वायु—दत्तेय)   m. patr. (fr. id.), g., śubhrā (शुभ्रा)di.",(fr. -datta (-दत्त)) g. sakhy-ādi (सख्य्-आदि)
147776,vāśa (वाश),61300,"id. (only ā (आ) and ī (ई) f. pl. applied to water), VS.; TS.","1. vāśa (वाश)   mfn. roaring, sounding, RV. viii, 19, 31"
150199,vitīrṇa (वितीर्ण),62483,effaced id.,one who has penetrated beyond or crossed or passed or gone over or through &amp;c.
153056,vilamba (विलम्ब),63911,"slowness, tardiness, delay, procrastination (āt (आत्), ‘with delay’, ‘late’; ena (एन) id., ‘too late’; ibc. ‘slowly’), Kāv.; Rājat. &amp;c.","hanging down, pendulous (as arms), R."
155127,viṣkambhaka (विष्कम्भक),64775,"a partic. astron. ñoga (ञोग) (= id.), W.","propping, supporting, KātyŚr., Sch."
158351,veṣa (वेष),66011,"dress, apparel, ornament, artificial exterior, assumed appearance (often also = look, exterior, appearance in general), Mn.; MBh. &amp;c. (acc. with √ kṛ (कृ) or ā-√ sthā (आ-√ स्था), ‘to assume a dress’, with √ gam (गम्) or vi-√ dhā (वि-√ धा), ‘to assume an appearance’; with ā-cchādya (आ-च्छाद्य), ‘concealing one's appearance’, ‘disguising one's self’; pracchanna-veṣeṇa (प्रच्छन्न-वेषेण) id.)","(ifc. f(ā (आ) or ī (ई)).  cf. bhūta-veṣī (भूत-वेषी); fr. √ viṣ (विष्)) work, activity, management, VS.; Kauś.; KātyŚr."
158841,vaidyuta (वैद्युत),66265,"flashing, brilliant (with śikhin (शिखिन्) m. the fire of lightning, Vcar.; °ta-kṛśānu (°त-कृशानु) m. id., ib.), VS. &amp;c. &amp;c.","(fr. vidyut (विद्युत्)) belonging to, or proceeding from lightning"
159497,vaihāyasa (वैहायस),66582,"vaihāyasa (वैहायस)   n. flying in the air, BhP. (-gata (-गत) n. id., R.)","the air, atmosphere, MBh."
161289,vraṇ (व्रण्),67362,"2. vraṇ (व्रण्)   (rather Nom. fr. vraṇa (व्रण) below) cl. 1. P. vraṇati (व्रणति), to wound, Suśr.;  cl. 10. P. (Dhātup. xxxv, 82) vraṇayati (व्रणयति) id., Kāv.; Kathās. &amp;c.","1. vraṇ (व्रण्)   (also written braṇ (ब्रण्)) cl. 1. P. vraṇati (व्रणति), to sound, Dhātup. xiii, 8."
175237,sajyotis (सज्योतिस्),72896,"sa—jyotis (स—ज्योतिस्)   ind. according to the light (i.e. either by day from the disappearance of the stars till sunset, or by night from sunset till the appearance of the stars), Mn. iv, 106; v, 82 (°tiṣi (°तिषि) id., Gaut. ii, 11)","sa—jyotis (स—ज्योतिस्)   ind. according to the light (i.e. either by day from the disappearance of the stars till sunset, or by night from sunset till the appearance of the stars), Mn. iv, 106; v, 82 (°tiṣi (°तिषि) id., Gaut. ii, 11)"
177549,saṃnidhi (संनिधि),73876,"juxtaposition, nearness, vicinity, presence (au (औ), with gen. or ifc., ‘in the presence of, near’; im (इम्), ‘near to, towards’; id., with √ kṛ (कृ), vi-√ dhā (वि-√ धा) or √ bandh (बन्ध्) and loc., ‘to take one's seat or place or abode in’), ĀśvŚr.; Mn.; MBh. &amp;c.","depositing together or near, KātyŚr.; Sāh."
179834,samaya (समय),74642,"coming to a mutual understanding, agreement, compact, covenant, treaty, contract, arrangement, engagement, stipulation, conditions of agreement, terms (ena (एन) or āt (आत्) or -tas (-तस्), ‘according to agreement, conditionally’; tena samayena (तेन समयेन), ‘in consequence of this agreement’; samayaṃ (समयं) acc. with √ kṛ (कृ), ‘to make an agreement or engagement’, ‘agree with any one [instr. with or without saha (सह)]’, ‘settle’, ‘stipulate’; with sam√ vad (सम्√ वद्) id.; with √ dā (दा), ‘to propose an agreement, offer terms’; with √ brū (ब्रू) or √ vac (वच्) or abhi-√ dhā (अभि-√ धा), ‘to state the terms of an agr°’, ‘make a promise’; with √ grah (ग्रह्) or prati-√ pad (प्रति-√ पद्), ‘to enter into an agr°’, ‘make or accept conditions of an agr°’; with √ pāl (पाल्), or √ rakṣ (रक्ष्) or pari-√ rakṣ (परि-√ रक्ष्) &amp;c., ‘to keep an agr°’, ‘keep one's word’; with √ tyaj (त्यज्) or √ bhid (भिद्) or vy-abhi-√ car (व्य्-अभि-√ चर्) &amp;c., ‘to break an agr°’; abl. with √ bhraṃś (भ्रंश्) id.; loc. with √ sthā (स्था), ‘to keep an engagement’, ‘keep one's word’; acc. with Caus. of √ sthā (स्था) or of ni-√ viś (नि-√ विश्) ‘to fix or settle terms’, ‘impose conditions’), TS. &amp;c. &amp;c.","2. sam-aya (सम्-अय)   m. (ifc. f(ā (आ)). ) coming together, meeting or a place of meeting, AV.; ŚBr."
180717,sampāta (सम्पात),74960,"place of contact, point of intersection id., Gol. flight, swift descent, fall, MBh.; R. &amp;c.","(ifc. f(ā (आ)). ) flying or rushing together, collision, concussion, encounter with (saha (सह)), MBh.; Kāv. &amp;c."
181910,sarit (सरित्),75567,"°tām pati (°ताम् पति) id., an expression for the number ‘four’, RV. &amp;c. &amp;c.","a river, stream (saritā́ṃ varā (सरितां वरा॑), ‘best of rivers’), the Ganges"
191651,suṣira (सुषिर),79532,slow in articulation (= vilambita (विलम्बित)) id.,"slow in articulation (= vilambita (विलम्बित)), MW."
193391,sopadhāna (सोपधान),80218,"id. (and ‘possessing excellent qualities’), Śiś. ii, 77","paDAna   mfn. possessing a pillow, cushioned, ŚrS."
193442,sopāśraya (सोपाश्रय),80233,"so (सो)pASraya   n. (-niṣadana (-निषदन) n.) id., Sarvad.",pASraya   mfn. having a support
198103,svādman (स्वाद्मन्),82041,"svādmán (स्वाद्मन्)   (svā° (स्वा°)), n. id., dainty food or drink, ib.","sweetness, RV."
199727,harituraga (हरितुरग),82617,"N. of ī° (ई°) id., ib.","a horse of ī° (ई°), Bcar."
