file,tag,count
grc.lsj.perseus-eng1.xml,bibl,84276
grc.lsj.perseus-eng1.xml,biblScope,76858
grc.lsj.perseus-eng1.xml,author,67274
grc.lsj.perseus-eng1.xml,title,44841
grc.lsj.perseus-eng1.xml,tr,37288
grc.lsj.perseus-eng1.xml,sense,26034
grc.lsj.perseus-eng1.xml,quote,24459
grc.lsj.perseus-eng1.xml,cit,24457
grc.lsj.perseus-eng1.xml,orth,21391
grc.lsj.perseus-eng1.xml,foreign,19832
grc.lsj.perseus-eng1.xml,entryFree,18950
grc.lsj.perseus-eng1.xml,itype,10787
grc.lsj.perseus-eng1.xml,gen,6631
grc.lsj.perseus-eng1.xml,gramGrp,6048
grc.lsj.perseus-eng1.xml,gram,6048
grc.lsj.perseus-eng1.xml,xr,3597
grc.lsj.perseus-eng1.xml,lbl,3597
grc.lsj.perseus-eng1.xml,ref,3597
grc.lsj.perseus-eng1.xml,item,2898
grc.lsj.perseus-eng1.xml,date,2632
grc.lsj.perseus-eng1.xml,tns,2311
grc.lsj.perseus-eng1.xml,pos,2233
grc.lsj.perseus-eng1.xml,etym,1662
grc.lsj.perseus-eng1.xml,abbr,1418
grc.lsj.perseus-eng1.xml,hi,1320
grc.lsj.perseus-eng1.xml,mood,941
grc.lsj.perseus-eng1.xml,placeName,892
grc.lsj.perseus-eng1.xml,pron,521
grc.lsj.perseus-eng1.xml,pb,309
grc.lsj.perseus-eng1.xml,per,159
grc.lsj.perseus-eng1.xml,number,156
grc.lsj.perseus-eng1.xml,p,52
grc.lsj.perseus-eng1.xml,subc,23
grc.lsj.perseus-eng1.xml,note,20
grc.lsj.perseus-eng1.xml,name,16
grc.lsj.perseus-eng1.xml,head,11
grc.lsj.perseus-eng1.xml,div1,8
grc.lsj.perseus-eng1.xml,list,6
grc.lsj.perseus-eng1.xml,state,5
grc.lsj.perseus-eng1.xml,resp,4
grc.lsj.perseus-eng1.xml,language,4
grc.lsj.perseus-eng1.xml,respStmt,3
grc.lsj.perseus-eng1.xml,refsDecl,3
grc.lsj.perseus-eng1.xml,measure,3
grc.lsj.perseus-eng1.xml,publisher,2
grc.lsj.perseus-eng1.xml,pubPlace,2
grc.lsj.perseus-eng1.xml,closer,2
grc.lsj.perseus-eng1.xml,div2,2
grc.lsj.perseus-eng1.xml,TEI.2,1
grc.lsj.perseus-eng1.xml,teiHeader,1
grc.lsj.perseus-eng1.xml,fileDesc,1
grc.lsj.perseus-eng1.xml,titleStmt,1
grc.lsj.perseus-eng1.xml,sponsor,1
grc.lsj.perseus-eng1.xml,principal,1
grc.lsj.perseus-eng1.xml,funder,1
grc.lsj.perseus-eng1.xml,publicationStmt,1
grc.lsj.perseus-eng1.xml,authority,1
grc.lsj.perseus-eng1.xml,sourceDesc,1
grc.lsj.perseus-eng1.xml,biblStruct,1
grc.lsj.perseus-eng1.xml,monogr,1
grc.lsj.perseus-eng1.xml,imprint,1
grc.lsj.perseus-eng1.xml,idno,1
grc.lsj.perseus-eng1.xml,encodingDesc,1
grc.lsj.perseus-eng1.xml,profileDesc,1
grc.lsj.perseus-eng1.xml,langUsage,1
grc.lsj.perseus-eng1.xml,revisionDesc,1
grc.lsj.perseus-eng1.xml,change,1
grc.lsj.perseus-eng1.xml,text,1
grc.lsj.perseus-eng1.xml,front,1
grc.lsj.perseus-eng1.xml,mentioned,1
grc.lsj.perseus-eng1.xml,signed,1
grc.lsj.perseus-eng1.xml,dateline,1
grc.lsj.perseus-eng1.xml,body,1
grc.lsj.perseus-eng1.xml,div0,1
grc.lsj.perseus-eng1.xml,num,1
grc.lsj.perseus-eng2.xml,bibl,10105
grc.lsj.perseus-eng2.xml,biblScope,8957
grc.lsj.perseus-eng2.xml,author,7908
grc.lsj.perseus-eng2.xml,title,4968
grc.lsj.perseus-eng2.xml,tr,3826
grc.lsj.perseus-eng2.xml,orth,3030
grc.lsj.perseus-eng2.xml,sense,2966
grc.lsj.perseus-eng2.xml,foreign,2683
grc.lsj.perseus-eng2.xml,cit,2535
grc.lsj.perseus-eng2.xml,quote,2535
grc.lsj.perseus-eng2.xml,entryFree,2406
grc.lsj.perseus-eng2.xml,itype,1371
grc.lsj.perseus-eng2.xml,gen,1208
grc.lsj.perseus-eng2.xml,xr,731
grc.lsj.perseus-eng2.xml,lbl,731
grc.lsj.perseus-eng2.xml,ref,731
grc.lsj.perseus-eng2.xml,gramGrp,701
grc.lsj.perseus-eng2.xml,gram,701
grc.lsj.perseus-eng2.xml,date,315
grc.lsj.perseus-eng2.xml,tns,275
grc.lsj.perseus-eng2.xml,etym,224
grc.lsj.perseus-eng2.xml,abbr,154
grc.lsj.perseus-eng2.xml,pos,152
grc.lsj.perseus-eng2.xml,placeName,121
grc.lsj.perseus-eng2.xml,mood,89
grc.lsj.perseus-eng2.xml,pb,35
grc.lsj.perseus-eng2.xml,pron,24
grc.lsj.perseus-eng2.xml,per,22
grc.lsj.perseus-eng2.xml,number,22
grc.lsj.perseus-eng2.xml,name,6
grc.lsj.perseus-eng2.xml,state,5
grc.lsj.perseus-eng2.xml,hi,5
grc.lsj.perseus-eng2.xml,resp,4
grc.lsj.perseus-eng2.xml,language,4
grc.lsj.perseus-eng2.xml,respStmt,3
grc.lsj.perseus-eng2.xml,refsDecl,3
grc.lsj.perseus-eng2.xml,publisher,2
grc.lsj.perseus-eng2.xml,pubPlace,2
grc.lsj.perseus-eng2.xml,TEI.2,1
grc.lsj.perseus-eng2.xml,teiHeader,1
grc.lsj.perseus-eng2.xml,fileDesc,1
grc.lsj.perseus-eng2.xml,titleStmt,1
grc.lsj.perseus-eng2.xml,sponsor,1
grc.lsj.perseus-eng2.xml,principal,1
grc.lsj.perseus-eng2.xml,funder,1
grc.lsj.perseus-eng2.xml,publicationStmt,1
grc.lsj.perseus-eng2.xml,authority,1
grc.lsj.perseus-eng2.xml,sourceDesc,1
grc.lsj.perseus-eng2.xml,biblStruct,1
grc.lsj.perseus-eng2.xml,monogr,1
grc.lsj.perseus-eng2.xml,imprint,1
grc.lsj.perseus-eng2.xml,idno,1
grc.lsj.perseus-eng2.xml,encodingDesc,1
grc.lsj.perseus-eng2.xml,profileDesc,1
grc.lsj.perseus-eng2.xml,langUsage,1
grc.lsj.perseus-eng2.xml,revisionDesc,1
grc.lsj.perseus-eng2.xml,change,1
grc.lsj.perseus-eng2.xml,item,1
grc.lsj.perseus-eng2.xml,text,1
grc.lsj.perseus-eng2.xml,body,1
grc.lsj.perseus-eng2.xml,div0,1
grc.lsj.perseus-eng2.xml,head,1
grc.lsj.perseus-eng2.xml,num,1
grc.lsj.perseus-eng2.xml,subc,1
grc.lsj.perseus-eng3.xml,bibl,8717
grc.lsj.perseus-eng3.xml,biblScope,7829
grc.lsj.perseus-eng3.xml,author,6748
grc.lsj.perseus-eng3.xml,title,4357
grc.lsj.perseus-eng3.xml,tr,3207
grc.lsj.perseus-eng3.xml,sense,2367
grc.lsj.perseus-eng3.xml,foreign,2342
grc.lsj.perseus-eng3.xml,orth,2285
grc.lsj.perseus-eng3.xml,cit,2207
grc.lsj.perseus-eng3.xml,quote,2207
grc.lsj.perseus-eng3.xml,entryFree,1794
grc.lsj.perseus-eng3.xml,itype,1026
grc.lsj.perseus-eng3.xml,gen,949
grc.lsj.perseus-eng3.xml,xr,554
grc.lsj.perseus-eng3.xml,lbl,554
grc.lsj.perseus-eng3.xml,ref,554
grc.lsj.perseus-eng3.xml,gramGrp,480
grc.lsj.perseus-eng3.xml,gram,480
grc.lsj.perseus-eng3.xml,date,321
grc.lsj.perseus-eng3.xml,tns,176
grc.lsj.perseus-eng3.xml,pos,139
grc.lsj.perseus-eng3.xml,abbr,136
grc.lsj.perseus-eng3.xml,placeName,133
grc.lsj.perseus-eng3.xml,etym,116
grc.lsj.perseus-eng3.xml,mood,71
grc.lsj.perseus-eng3.xml,pron,37
grc.lsj.perseus-eng3.xml,pb,29
grc.lsj.perseus-eng3.xml,per,29
grc.lsj.perseus-eng3.xml,number,28
grc.lsj.perseus-eng3.xml,name,6
grc.lsj.perseus-eng3.xml,state,5
grc.lsj.perseus-eng3.xml,resp,4
grc.lsj.perseus-eng3.xml,language,4
grc.lsj.perseus-eng3.xml,respStmt,3
grc.lsj.perseus-eng3.xml,refsDecl,3
grc.lsj.perseus-eng3.xml,publisher,2
grc.lsj.perseus-eng3.xml,pubPlace,2
grc.lsj.perseus-eng3.xml,subc,2
grc.lsj.perseus-eng3.xml,hi,2
grc.lsj.perseus-eng3.xml,TEI.2,1
grc.lsj.perseus-eng3.xml,teiHeader,1
grc.lsj.perseus-eng3.xml,fileDesc,1
grc.lsj.perseus-eng3.xml,titleStmt,1
grc.lsj.perseus-eng3.xml,sponsor,1
grc.lsj.perseus-eng3.xml,principal,1
grc.lsj.perseus-eng3.xml,funder,1
grc.lsj.perseus-eng3.xml,publicationStmt,1
grc.lsj.perseus-eng3.xml,authority,1
grc.lsj.perseus-eng3.xml,sourceDesc,1
grc.lsj.perseus-eng3.xml,biblStruct,1
grc.lsj.perseus-eng3.xml,monogr,1
grc.lsj.perseus-eng3.xml,imprint,1
grc.lsj.perseus-eng3.xml,idno,1
grc.lsj.perseus-eng3.xml,encodingDesc,1
grc.lsj.perseus-eng3.xml,profileDesc,1
grc.lsj.perseus-eng3.xml,langUsage,1
grc.lsj.perseus-eng3.xml,revisionDesc,1
grc.lsj.perseus-eng3.xml,change,1
grc.lsj.perseus-eng3.xml,item,1
grc.lsj.perseus-eng3.xml,text,1
grc.lsj.perseus-eng3.xml,body,1
grc.lsj.perseus-eng3.xml,div0,1
grc.lsj.perseus-eng3.xml,head,1
grc.lsj.perseus-eng3.xml,num,1
grc.lsj.perseus-eng4.xml,bibl,28670
grc.lsj.perseus-eng4.xml,biblScope,26481
grc.lsj.perseus-eng4.xml,author,23046
grc.lsj.perseus-eng4.xml,title,14331
grc.lsj.perseus-eng4.xml,tr,12620
grc.lsj.perseus-eng4.xml,sense,9026
grc.lsj.perseus-eng4.xml,cit,8590
grc.lsj.perseus-eng4.xml,quote,8590
grc.lsj.perseus-eng4.xml,orth,7491
grc.lsj.perseus-eng4.xml,entryFree,6703
grc.lsj.perseus-eng4.xml,foreign,6470
grc.lsj.perseus-eng4.xml,itype,3862
grc.lsj.perseus-eng4.xml,gen,2425
grc.lsj.perseus-eng4.xml,gramGrp,2120
grc.lsj.perseus-eng4.xml,gram,2120
grc.lsj.perseus-eng4.xml,xr,1255
grc.lsj.perseus-eng4.xml,lbl,1255
grc.lsj.perseus-eng4.xml,ref,1255
grc.lsj.perseus-eng4.xml,date,930
grc.lsj.perseus-eng4.xml,tns,845
grc.lsj.perseus-eng4.xml,abbr,507
grc.lsj.perseus-eng4.xml,pos,501
grc.lsj.perseus-eng4.xml,etym,448
grc.lsj.perseus-eng4.xml,mood,367
grc.lsj.perseus-eng4.xml,placeName,348
grc.lsj.perseus-eng4.xml,pron,171
grc.lsj.perseus-eng4.xml,pb,101
grc.lsj.perseus-eng4.xml,per,81
grc.lsj.perseus-eng4.xml,number,79
grc.lsj.perseus-eng4.xml,hi,23
grc.lsj.perseus-eng4.xml,subc,9
grc.lsj.perseus-eng4.xml,name,8
grc.lsj.perseus-eng4.xml,state,5
grc.lsj.perseus-eng4.xml,resp,4
grc.lsj.perseus-eng4.xml,language,4
grc.lsj.perseus-eng4.xml,respStmt,3
grc.lsj.perseus-eng4.xml,refsDecl,3
grc.lsj.perseus-eng4.xml,publisher,2
grc.lsj.perseus-eng4.xml,pubPlace,2
grc.lsj.perseus-eng4.xml,TEI.2,1
grc.lsj.perseus-eng4.xml,teiHeader,1
grc.lsj.perseus-eng4.xml,fileDesc,1
grc.lsj.perseus-eng4.xml,titleStmt,1
grc.lsj.perseus-eng4.xml,sponsor,1
grc.lsj.perseus-eng4.xml,principal,1
grc.lsj.perseus-eng4.xml,funder,1
grc.lsj.perseus-eng4.xml,publicationStmt,1
grc.lsj.perseus-eng4.xml,authority,1
grc.lsj.perseus-eng4.xml,sourceDesc,1
grc.lsj.perseus-eng4.xml,biblStruct,1
grc.lsj.perseus-eng4.xml,monogr,1
grc.lsj.perseus-eng4.xml,imprint,1
grc.lsj.perseus-eng4.xml,idno,1
grc.lsj.perseus-eng4.xml,encodingDesc,1
grc.lsj.perseus-eng4.xml,profileDesc,1
grc.lsj.perseus-eng4.xml,langUsage,1
grc.lsj.perseus-eng4.xml,revisionDesc,1
grc.lsj.perseus-eng4.xml,change,1
grc.lsj.perseus-eng4.xml,item,1
grc.lsj.perseus-eng4.xml,text,1
grc.lsj.perseus-eng4.xml,body,1
grc.lsj.perseus-eng4.xml,div0,1
grc.lsj.perseus-eng4.xml,head,1
grc.lsj.perseus-eng4.xml,num,1
grc.lsj.perseus-eng5.xml,bibl,79840
grc.lsj.perseus-eng5.xml,biblScope,73893
grc.lsj.perseus-eng5.xml,author,62583
grc.lsj.perseus-eng5.xml,title,39318
grc.lsj.perseus-eng5.xml,tr,35673
grc.lsj.perseus-eng5.xml,cit,25198
grc.lsj.perseus-eng5.xml,quote,25198
grc.lsj.perseus-eng5.xml,sense,23724
grc.lsj.perseus-eng5.xml,foreign,21669
grc.lsj.perseus-eng5.xml,orth,18318
grc.lsj.perseus-eng5.xml,entryFree,16194
grc.lsj.perseus-eng5.xml,itype,8668
grc.lsj.perseus-eng5.xml,gramGrp,6751
grc.lsj.perseus-eng5.xml,gram,6751
grc.lsj.perseus-eng5.xml,gen,5176
grc.lsj.perseus-eng5.xml,xr,3377
grc.lsj.perseus-eng5.xml,lbl,3377
grc.lsj.perseus-eng5.xml,ref,3377
grc.lsj.perseus-eng5.xml,date,2930
grc.lsj.perseus-eng5.xml,tns,2434
grc.lsj.perseus-eng5.xml,pos,1449
grc.lsj.perseus-eng5.xml,etym,1306
grc.lsj.perseus-eng5.xml,mood,1199
grc.lsj.perseus-eng5.xml,abbr,1196
grc.lsj.perseus-eng5.xml,placeName,866
grc.lsj.perseus-eng5.xml,pron,543
grc.lsj.perseus-eng5.xml,per,337
grc.lsj.perseus-eng5.xml,number,322
grc.lsj.perseus-eng5.xml,pb,287
grc.lsj.perseus-eng5.xml,hi,14
grc.lsj.perseus-eng5.xml,subc,9
grc.lsj.perseus-eng5.xml,name,8
grc.lsj.perseus-eng5.xml,state,5
grc.lsj.perseus-eng5.xml,resp,4
grc.lsj.perseus-eng5.xml,language,4
grc.lsj.perseus-eng5.xml,respStmt,3
grc.lsj.perseus-eng5.xml,refsDecl,3
grc.lsj.perseus-eng5.xml,publisher,2
grc.lsj.perseus-eng5.xml,pubPlace,2
grc.lsj.perseus-eng5.xml,TEI.2,1
grc.lsj.perseus-eng5.xml,teiHeader,1
grc.lsj.perseus-eng5.xml,fileDesc,1
grc.lsj.perseus-eng5.xml,titleStmt,1
grc.lsj.perseus-eng5.xml,sponsor,1
grc.lsj.perseus-eng5.xml,principal,1
grc.lsj.perseus-eng5.xml,funder,1
grc.lsj.perseus-eng5.xml,publicationStmt,1
grc.lsj.perseus-eng5.xml,authority,1
grc.lsj.perseus-eng5.xml,sourceDesc,1
grc.lsj.perseus-eng5.xml,biblStruct,1
grc.lsj.perseus-eng5.xml,monogr,1
grc.lsj.perseus-eng5.xml,imprint,1
grc.lsj.perseus-eng5.xml,idno,1
grc.lsj.perseus-eng5.xml,encodingDesc,1
grc.lsj.perseus-eng5.xml,profileDesc,1
grc.lsj.perseus-eng5.xml,langUsage,1
grc.lsj.perseus-eng5.xml,revisionDesc,1
grc.lsj.perseus-eng5.xml,change,1
grc.lsj.perseus-eng5.xml,item,1
grc.lsj.perseus-eng5.xml,text,1
grc.lsj.perseus-eng5.xml,body,1
grc.lsj.perseus-eng5.xml,div0,1
grc.lsj.perseus-eng5.xml,head,1
grc.lsj.perseus-eng5.xml,num,1
grc.lsj.perseus-eng6.xml,bibl,19
grc.lsj.perseus-eng6.xml,biblScope,18
grc.lsj.perseus-eng6.xml,title,10
grc.lsj.perseus-eng6.xml,author,9
grc.lsj.perseus-eng6.xml,name,6
grc.lsj.perseus-eng6.xml,date,6
grc.lsj.perseus-eng6.xml,state,5
grc.lsj.perseus-eng6.xml,resp,4
grc.lsj.perseus-eng6.xml,language,4
grc.lsj.perseus-eng6.xml,respStmt,3
grc.lsj.perseus-eng6.xml,refsDecl,3
grc.lsj.perseus-eng6.xml,gramGrp,3
grc.lsj.perseus-eng6.xml,gram,3
grc.lsj.perseus-eng6.xml,publisher,2
grc.lsj.perseus-eng6.xml,pubPlace,2
grc.lsj.perseus-eng6.xml,tr,2
grc.lsj.perseus-eng6.xml,itype,2
grc.lsj.perseus-eng6.xml,foreign,2
grc.lsj.perseus-eng6.xml,TEI.2,1
grc.lsj.perseus-eng6.xml,teiHeader,1
grc.lsj.perseus-eng6.xml,fileDesc,1
grc.lsj.perseus-eng6.xml,titleStmt,1
grc.lsj.perseus-eng6.xml,sponsor,1
grc.lsj.perseus-eng6.xml,principal,1
grc.lsj.perseus-eng6.xml,funder,1
grc.lsj.perseus-eng6.xml,publicationStmt,1
grc.lsj.perseus-eng6.xml,authority,1
grc.lsj.perseus-eng6.xml,sourceDesc,1
grc.lsj.perseus-eng6.xml,biblStruct,1
grc.lsj.perseus-eng6.xml,monogr,1
grc.lsj.perseus-eng6.xml,imprint,1
grc.lsj.perseus-eng6.xml,idno,1
grc.lsj.perseus-eng6.xml,encodingDesc,1
grc.lsj.perseus-eng6.xml,profileDesc,1
grc.lsj.perseus-eng6.xml,langUsage,1
grc.lsj.perseus-eng6.xml,revisionDesc,1
grc.lsj.perseus-eng6.xml,change,1
grc.lsj.perseus-eng6.xml,item,1
grc.lsj.perseus-eng6.xml,text,1
grc.lsj.perseus-eng6.xml,body,1
grc.lsj.perseus-eng6.xml,div0,1
grc.lsj.perseus-eng6.xml,head,1
grc.lsj.perseus-eng6.xml,entryFree,1
grc.lsj.perseus-eng6.xml,orth,1
grc.lsj.perseus-eng6.xml,etym,1
grc.lsj.perseus-eng6.xml,abbr,1
grc.lsj.perseus-eng6.xml,sense,1
grc.lsj.perseus-eng7.xml,bibl,2620
grc.lsj.perseus-eng7.xml,biblScope,2351
grc.lsj.perseus-eng7.xml,author,1949
grc.lsj.perseus-eng7.xml,title,1311
grc.lsj.perseus-eng7.xml,tr,865
grc.lsj.perseus-eng7.xml,foreign,786
grc.lsj.perseus-eng7.xml,cit,692
grc.lsj.perseus-eng7.xml,quote,692
grc.lsj.perseus-eng7.xml,orth,660
grc.lsj.perseus-eng7.xml,sense,639
grc.lsj.perseus-eng7.xml,entryFree,518
grc.lsj.perseus-eng7.xml,itype,311
grc.lsj.perseus-eng7.xml,gen,266
grc.lsj.perseus-eng7.xml,gramGrp,162
grc.lsj.perseus-eng7.xml,gram,162
grc.lsj.perseus-eng7.xml,date,154
grc.lsj.perseus-eng7.xml,xr,119
grc.lsj.perseus-eng7.xml,lbl,119
grc.lsj.perseus-eng7.xml,ref,119
grc.lsj.perseus-eng7.xml,etym,83
grc.lsj.perseus-eng7.xml,tns,52
grc.lsj.perseus-eng7.xml,pos,32
grc.lsj.perseus-eng7.xml,placeName,28
grc.lsj.perseus-eng7.xml,abbr,21
grc.lsj.perseus-eng7.xml,mood,19
grc.lsj.perseus-eng7.xml,per,10
grc.lsj.perseus-eng7.xml,number,10
grc.lsj.perseus-eng7.xml,pb,9
grc.lsj.perseus-eng7.xml,name,7
grc.lsj.perseus-eng7.xml,state,5
grc.lsj.perseus-eng7.xml,resp,4
grc.lsj.perseus-eng7.xml,language,4
grc.lsj.perseus-eng7.xml,pron,4
grc.lsj.perseus-eng7.xml,respStmt,3
grc.lsj.perseus-eng7.xml,refsDecl,3
grc.lsj.perseus-eng7.xml,publisher,2
grc.lsj.perseus-eng7.xml,pubPlace,2
grc.lsj.perseus-eng7.xml,TEI.2,1
grc.lsj.perseus-eng7.xml,teiHeader,1
grc.lsj.perseus-eng7.xml,fileDesc,1
grc.lsj.perseus-eng7.xml,titleStmt,1
grc.lsj.perseus-eng7.xml,sponsor,1
grc.lsj.perseus-eng7.xml,principal,1
grc.lsj.perseus-eng7.xml,funder,1
grc.lsj.perseus-eng7.xml,publicationStmt,1
grc.lsj.perseus-eng7.xml,authority,1
grc.lsj.perseus-eng7.xml,sourceDesc,1
grc.lsj.perseus-eng7.xml,biblStruct,1
grc.lsj.perseus-eng7.xml,monogr,1
grc.lsj.perseus-eng7.xml,imprint,1
grc.lsj.perseus-eng7.xml,idno,1
grc.lsj.perseus-eng7.xml,encodingDesc,1
grc.lsj.perseus-eng7.xml,profileDesc,1
grc.lsj.perseus-eng7.xml,langUsage,1
grc.lsj.perseus-eng7.xml,revisionDesc,1
grc.lsj.perseus-eng7.xml,change,1
grc.lsj.perseus-eng7.xml,item,1
grc.lsj.perseus-eng7.xml,text,1
grc.lsj.perseus-eng7.xml,body,1
grc.lsj.perseus-eng7.xml,div0,1
grc.lsj.perseus-eng7.xml,head,1
grc.lsj.perseus-eng7.xml,num,1
grc.lsj.perseus-eng8.xml,bibl,5975
grc.lsj.perseus-eng8.xml,biblScope,5468
grc.lsj.perseus-eng8.xml,author,4521
grc.lsj.perseus-eng8.xml,title,2852
grc.lsj.perseus-eng8.xml,foreign,2070
grc.lsj.perseus-eng8.xml,tr,1978
grc.lsj.perseus-eng8.xml,cit,1545
grc.lsj.perseus-eng8.xml,quote,1545
grc.lsj.perseus-eng8.xml,orth,1510
grc.lsj.perseus-eng8.xml,sense,1461
grc.lsj.perseus-eng8.xml,entryFree,1129
grc.lsj.perseus-eng8.xml,itype,696
grc.lsj.perseus-eng8.xml,gen,581
grc.lsj.perseus-eng8.xml,gramGrp,458
grc.lsj.perseus-eng8.xml,gram,458
grc.lsj.perseus-eng8.xml,xr,274
grc.lsj.perseus-eng8.xml,lbl,274
grc.lsj.perseus-eng8.xml,ref,274
grc.lsj.perseus-eng8.xml,date,215
grc.lsj.perseus-eng8.xml,tns,136
grc.lsj.perseus-eng8.xml,pos,135
grc.lsj.perseus-eng8.xml,etym,135
grc.lsj.perseus-eng8.xml,abbr,72
grc.lsj.perseus-eng8.xml,placeName,66
grc.lsj.perseus-eng8.xml,mood,65
grc.lsj.perseus-eng8.xml,per,33
grc.lsj.perseus-eng8.xml,number,31
grc.lsj.perseus-eng8.xml,pron,31
grc.lsj.perseus-eng8.xml,pb,20
grc.lsj.perseus-eng8.xml,name,6
grc.lsj.perseus-eng8.xml,state,5
grc.lsj.perseus-eng8.xml,resp,4
grc.lsj.perseus-eng8.xml,language,4
grc.lsj.perseus-eng8.xml,respStmt,3
grc.lsj.perseus-eng8.xml,refsDecl,3
grc.lsj.perseus-eng8.xml,hi,3
grc.lsj.perseus-eng8.xml,publisher,2
grc.lsj.perseus-eng8.xml,pubPlace,2
grc.lsj.perseus-eng8.xml,TEI.2,1
grc.lsj.perseus-eng8.xml,teiHeader,1
grc.lsj.perseus-eng8.xml,fileDesc,1
grc.lsj.perseus-eng8.xml,titleStmt,1
grc.lsj.perseus-eng8.xml,sponsor,1
grc.lsj.perseus-eng8.xml,principal,1
grc.lsj.perseus-eng8.xml,funder,1
grc.lsj.perseus-eng8.xml,publicationStmt,1
grc.lsj.perseus-eng8.xml,authority,1
grc.lsj.perseus-eng8.xml,sourceDesc,1
grc.lsj.perseus-eng8.xml,biblStruct,1
grc.lsj.perseus-eng8.xml,monogr,1
grc.lsj.perseus-eng8.xml,imprint,1
grc.lsj.perseus-eng8.xml,idno,1
grc.lsj.perseus-eng8.xml,encodingDesc,1
grc.lsj.perseus-eng8.xml,profileDesc,1
grc.lsj.perseus-eng8.xml,langUsage,1
grc.lsj.perseus-eng8.xml,revisionDesc,1
grc.lsj.perseus-eng8.xml,change,1
grc.lsj.perseus-eng8.xml,item,1
grc.lsj.perseus-eng8.xml,text,1
grc.lsj.perseus-eng8.xml,body,1
grc.lsj.perseus-eng8.xml,div0,1
grc.lsj.perseus-eng8.xml,head,1
grc.lsj.perseus-eng9.xml,bibl,9891
grc.lsj.perseus-eng9.xml,biblScope,8996
grc.lsj.perseus-eng9.xml,author,7592
grc.lsj.perseus-eng9.xml,title,5134
grc.lsj.perseus-eng9.xml,tr,3361
grc.lsj.perseus-eng9.xml,foreign,3144
grc.lsj.perseus-eng9.xml,cit,2538
grc.lsj.perseus-eng9.xml,quote,2538
grc.lsj.perseus-eng9.xml,sense,2493
grc.lsj.perseus-eng9.xml,orth,2432
grc.lsj.perseus-eng9.xml,entryFree,1948
grc.lsj.perseus-eng9.xml,itype,1299
grc.lsj.perseus-eng9.xml,gen,1004
grc.lsj.perseus-eng9.xml,gramGrp,723
grc.lsj.perseus-eng9.xml,gram,723
grc.lsj.perseus-eng9.xml,xr,365
grc.lsj.perseus-eng9.xml,lbl,365
grc.lsj.perseus-eng9.xml,ref,365
grc.lsj.perseus-eng9.xml,date,349
grc.lsj.perseus-eng9.xml,tns,256
grc.lsj.perseus-eng9.xml,etym,213
grc.lsj.perseus-eng9.xml,pos,162
grc.lsj.perseus-eng9.xml,placeName,123
grc.lsj.perseus-eng9.xml,mood,119
grc.lsj.perseus-eng9.xml,abbr,85
grc.lsj.perseus-eng9.xml,pron,38
grc.lsj.perseus-eng9.xml,pb,33
grc.lsj.perseus-eng9.xml,per,28
grc.lsj.perseus-eng9.xml,number,28
grc.lsj.perseus-eng9.xml,name,6
grc.lsj.perseus-eng9.xml,state,5
grc.lsj.perseus-eng9.xml,resp,4
grc.lsj.perseus-eng9.xml,language,4
grc.lsj.perseus-eng9.xml,respStmt,3
grc.lsj.perseus-eng9.xml,refsDecl,3
grc.lsj.perseus-eng9.xml,hi,3
grc.lsj.perseus-eng9.xml,publisher,2
grc.lsj.perseus-eng9.xml,pubPlace,2
grc.lsj.perseus-eng9.xml,TEI.2,1
grc.lsj.perseus-eng9.xml,teiHeader,1
grc.lsj.perseus-eng9.xml,fileDesc,1
grc.lsj.perseus-eng9.xml,titleStmt,1
grc.lsj.perseus-eng9.xml,sponsor,1
grc.lsj.perseus-eng9.xml,principal,1
grc.lsj.perseus-eng9.xml,funder,1
grc.lsj.perseus-eng9.xml,publicationStmt,1
grc.lsj.perseus-eng9.xml,authority,1
grc.lsj.perseus-eng9.xml,sourceDesc,1
grc.lsj.perseus-eng9.xml,biblStruct,1
grc.lsj.perseus-eng9.xml,monogr,1
grc.lsj.perseus-eng9.xml,imprint,1
grc.lsj.perseus-eng9.xml,idno,1
grc.lsj.perseus-eng9.xml,encodingDesc,1
grc.lsj.perseus-eng9.xml,profileDesc,1
grc.lsj.perseus-eng9.xml,langUsage,1
grc.lsj.perseus-eng9.xml,revisionDesc,1
grc.lsj.perseus-eng9.xml,change,1
grc.lsj.perseus-eng9.xml,item,1
grc.lsj.perseus-eng9.xml,text,1
grc.lsj.perseus-eng9.xml,body,1
grc.lsj.perseus-eng9.xml,div0,1
grc.lsj.perseus-eng9.xml,head,1
grc.lsj.perseus-eng9.xml,num,1
grc.lsj.perseus-eng10.xml,bibl,9768
grc.lsj.perseus-eng10.xml,biblScope,8765
grc.lsj.perseus-eng10.xml,author,7258
grc.lsj.perseus-eng10.xml,title,4606
grc.lsj.perseus-eng10.xml,tr,3388
grc.lsj.perseus-eng10.xml,foreign,3129
grc.lsj.perseus-eng10.xml,orth,2494
grc.lsj.perseus-eng10.xml,sense,2445
grc.lsj.perseus-eng10.xml,cit,2363
grc.lsj.perseus-eng10.xml,quote,2363
grc.lsj.perseus-eng10.xml,entryFree,1934
grc.lsj.perseus-eng10.xml,itype,1243
grc.lsj.perseus-eng10.xml,gen,1053
grc.lsj.perseus-eng10.xml,gramGrp,591
grc.lsj.perseus-eng10.xml,gram,591
grc.lsj.perseus-eng10.xml,date,491
grc.lsj.perseus-eng10.xml,xr,357
grc.lsj.perseus-eng10.xml,lbl,357
grc.lsj.perseus-eng10.xml,ref,357
grc.lsj.perseus-eng10.xml,etym,250
grc.lsj.perseus-eng10.xml,tns,230
grc.lsj.perseus-eng10.xml,pos,188
grc.lsj.perseus-eng10.xml,placeName,173
grc.lsj.perseus-eng10.xml,pron,145
grc.lsj.perseus-eng10.xml,abbr,139
grc.lsj.perseus-eng10.xml,mood,101
grc.lsj.perseus-eng10.xml,per,51
grc.lsj.perseus-eng10.xml,number,50
grc.lsj.perseus-eng10.xml,pb,33
grc.lsj.perseus-eng10.xml,name,6
grc.lsj.perseus-eng10.xml,state,5
grc.lsj.perseus-eng10.xml,resp,4
grc.lsj.perseus-eng10.xml,language,4
grc.lsj.perseus-eng10.xml,hi,4
grc.lsj.perseus-eng10.xml,respStmt,3
grc.lsj.perseus-eng10.xml,refsDecl,3
grc.lsj.perseus-eng10.xml,publisher,2
grc.lsj.perseus-eng10.xml,pubPlace,2
grc.lsj.perseus-eng10.xml,TEI.2,1
grc.lsj.perseus-eng10.xml,teiHeader,1
grc.lsj.perseus-eng10.xml,fileDesc,1
grc.lsj.perseus-eng10.xml,titleStmt,1
grc.lsj.perseus-eng10.xml,sponsor,1
grc.lsj.perseus-eng10.xml,principal,1
grc.lsj.perseus-eng10.xml,funder,1
grc.lsj.perseus-eng10.xml,publicationStmt,1
grc.lsj.perseus-eng10.xml,authority,1
grc.lsj.perseus-eng10.xml,sourceDesc,1
grc.lsj.perseus-eng10.xml,biblStruct,1
grc.lsj.perseus-eng10.xml,monogr,1
grc.lsj.perseus-eng10.xml,imprint,1
grc.lsj.perseus-eng10.xml,idno,1
grc.lsj.perseus-eng10.xml,encodingDesc,1
grc.lsj.perseus-eng10.xml,profileDesc,1
grc.lsj.perseus-eng10.xml,langUsage,1
grc.lsj.perseus-eng10.xml,revisionDesc,1
grc.lsj.perseus-eng10.xml,change,1
grc.lsj.perseus-eng10.xml,item,1
grc.lsj.perseus-eng10.xml,text,1
grc.lsj.perseus-eng10.xml,body,1
grc.lsj.perseus-eng10.xml,div0,1
grc.lsj.perseus-eng10.xml,head,1
grc.lsj.perseus-eng11.xml,bibl,48985
grc.lsj.perseus-eng11.xml,biblScope,44289
grc.lsj.perseus-eng11.xml,author,37747
grc.lsj.perseus-eng11.xml,title,23505
grc.lsj.perseus-eng11.xml,tr,18591
grc.lsj.perseus-eng11.xml,sense,13657
grc.lsj.perseus-eng11.xml,cit,13075
grc.lsj.perseus-eng11.xml,quote,13075
grc.lsj.perseus-eng11.xml,foreign,12521
grc.lsj.perseus-eng11.xml,orth,12011
grc.lsj.perseus-eng11.xml,entryFree,9849
grc.lsj.perseus-eng11.xml,itype,5604
grc.lsj.perseus-eng11.xml,gen,4919
grc.lsj.perseus-eng11.xml,gramGrp,3698
grc.lsj.perseus-eng11.xml,gram,3698
grc.lsj.perseus-eng11.xml,xr,2813
grc.lsj.perseus-eng11.xml,lbl,2813
grc.lsj.perseus-eng11.xml,ref,2813
grc.lsj.perseus-eng11.xml,date,2177
grc.lsj.perseus-eng11.xml,tns,1436
grc.lsj.perseus-eng11.xml,abbr,909
grc.lsj.perseus-eng11.xml,etym,668
grc.lsj.perseus-eng11.xml,pos,590
grc.lsj.perseus-eng11.xml,mood,572
grc.lsj.perseus-eng11.xml,placeName,460
grc.lsj.perseus-eng11.xml,pron,365
grc.lsj.perseus-eng11.xml,pb,174
grc.lsj.perseus-eng11.xml,per,97
grc.lsj.perseus-eng11.xml,number,97
grc.lsj.perseus-eng11.xml,name,9
grc.lsj.perseus-eng11.xml,hi,9
grc.lsj.perseus-eng11.xml,state,5
grc.lsj.perseus-eng11.xml,resp,4
grc.lsj.perseus-eng11.xml,language,4
grc.lsj.perseus-eng11.xml,respStmt,3
grc.lsj.perseus-eng11.xml,refsDecl,3
grc.lsj.perseus-eng11.xml,publisher,2
grc.lsj.perseus-eng11.xml,pubPlace,2
grc.lsj.perseus-eng11.xml,TEI.2,1
grc.lsj.perseus-eng11.xml,teiHeader,1
grc.lsj.perseus-eng11.xml,fileDesc,1
grc.lsj.perseus-eng11.xml,titleStmt,1
grc.lsj.perseus-eng11.xml,sponsor,1
grc.lsj.perseus-eng11.xml,principal,1
grc.lsj.perseus-eng11.xml,funder,1
grc.lsj.perseus-eng11.xml,publicationStmt,1
grc.lsj.perseus-eng11.xml,authority,1
grc.lsj.perseus-eng11.xml,sourceDesc,1
grc.lsj.perseus-eng11.xml,biblStruct,1
grc.lsj.perseus-eng11.xml,monogr,1
grc.lsj.perseus-eng11.xml,imprint,1
grc.lsj.perseus-eng11.xml,idno,1
grc.lsj.perseus-eng11.xml,encodingDesc,1
grc.lsj.perseus-eng11.xml,profileDesc,1
grc.lsj.perseus-eng11.xml,langUsage,1
grc.lsj.perseus-eng11.xml,revisionDesc,1
grc.lsj.perseus-eng11.xml,change,1
grc.lsj.perseus-eng11.xml,item,1
grc.lsj.perseus-eng11.xml,text,1
grc.lsj.perseus-eng11.xml,body,1
grc.lsj.perseus-eng11.xml,div0,1
grc.lsj.perseus-eng11.xml,head,1
grc.lsj.perseus-eng11.xml,num,1
grc.lsj.perseus-eng11.xml,subc,1
grc.lsj.perseus-eng12.xml,bibl,14232
grc.lsj.perseus-eng12.xml,biblScope,12693
grc.lsj.perseus-eng12.xml,author,10674
grc.lsj.perseus-eng12.xml,title,6624
grc.lsj.perseus-eng12.xml,tr,5174
grc.lsj.perseus-eng12.xml,foreign,4016
grc.lsj.perseus-eng12.xml,sense,3766
grc.lsj.perseus-eng12.xml,orth,3683
grc.lsj.perseus-eng12.xml,cit,3357
grc.lsj.perseus-eng12.xml,quote,3357
grc.lsj.perseus-eng12.xml,entryFree,2958
grc.lsj.perseus-eng12.xml,itype,2035
grc.lsj.perseus-eng12.xml,gen,1550
grc.lsj.perseus-eng12.xml,xr,852
grc.lsj.perseus-eng12.xml,lbl,852
grc.lsj.perseus-eng12.xml,ref,852
grc.lsj.perseus-eng12.xml,gramGrp,788
grc.lsj.perseus-eng12.xml,gram,788
grc.lsj.perseus-eng12.xml,date,602
grc.lsj.perseus-eng12.xml,abbr,313
grc.lsj.perseus-eng12.xml,tns,283
grc.lsj.perseus-eng12.xml,etym,247
grc.lsj.perseus-eng12.xml,pos,212
grc.lsj.perseus-eng12.xml,placeName,173
grc.lsj.perseus-eng12.xml,mood,123
grc.lsj.perseus-eng12.xml,pron,50
grc.lsj.perseus-eng12.xml,pb,49
grc.lsj.perseus-eng12.xml,per,46
grc.lsj.perseus-eng12.xml,number,46
grc.lsj.perseus-eng12.xml,name,6
grc.lsj.perseus-eng12.xml,state,5
grc.lsj.perseus-eng12.xml,resp,4
grc.lsj.perseus-eng12.xml,language,4
grc.lsj.perseus-eng12.xml,respStmt,3
grc.lsj.perseus-eng12.xml,refsDecl,3
grc.lsj.perseus-eng12.xml,hi,3
grc.lsj.perseus-eng12.xml,publisher,2
grc.lsj.perseus-eng12.xml,pubPlace,2
grc.lsj.perseus-eng12.xml,TEI.2,1
grc.lsj.perseus-eng12.xml,teiHeader,1
grc.lsj.perseus-eng12.xml,fileDesc,1
grc.lsj.perseus-eng12.xml,titleStmt,1
grc.lsj.perseus-eng12.xml,sponsor,1
grc.lsj.perseus-eng12.xml,principal,1
grc.lsj.perseus-eng12.xml,funder,1
grc.lsj.perseus-eng12.xml,publicationStmt,1
grc.lsj.perseus-eng12.xml,authority,1
grc.lsj.perseus-eng12.xml,sourceDesc,1
grc.lsj.perseus-eng12.xml,biblStruct,1
grc.lsj.perseus-eng12.xml,monogr,1
grc.lsj.perseus-eng12.xml,imprint,1
grc.lsj.perseus-eng12.xml,idno,1
grc.lsj.perseus-eng12.xml,encodingDesc,1
grc.lsj.perseus-eng12.xml,profileDesc,1
grc.lsj.perseus-eng12.xml,langUsage,1
grc.lsj.perseus-eng12.xml,revisionDesc,1
grc.lsj.perseus-eng12.xml,change,1
grc.lsj.perseus-eng12.xml,item,1
grc.lsj.perseus-eng12.xml,text,1
grc.lsj.perseus-eng12.xml,body,1
grc.lsj.perseus-eng12.xml,div0,1
grc.lsj.perseus-eng12.xml,head,1
grc.lsj.perseus-eng12.xml,num,1
grc.lsj.perseus-eng13.xml,bibl,25445
grc.lsj.perseus-eng13.xml,biblScope,23043
grc.lsj.perseus-eng13.xml,author,19563
grc.lsj.perseus-eng13.xml,title,12277
grc.lsj.perseus-eng13.xml,tr,9383
grc.lsj.perseus-eng13.xml,sense,7071
grc.lsj.perseus-eng13.xml,cit,6515
grc.lsj.perseus-eng13.xml,quote,6515
grc.lsj.perseus-eng13.xml,foreign,6477
grc.lsj.perseus-eng13.xml,orth,6312
grc.lsj.perseus-eng13.xml,entryFree,5248
grc.lsj.perseus-eng13.xml,itype,3559
grc.lsj.perseus-eng13.xml,gen,2571
grc.lsj.perseus-eng13.xml,gramGrp,1617
grc.lsj.perseus-eng13.xml,gram,1617
grc.lsj.perseus-eng13.xml,xr,1366
grc.lsj.perseus-eng13.xml,lbl,1366
grc.lsj.perseus-eng13.xml,ref,1366
grc.lsj.perseus-eng13.xml,date,977
grc.lsj.perseus-eng13.xml,tns,607
grc.lsj.perseus-eng13.xml,pos,479
grc.lsj.perseus-eng13.xml,abbr,464
grc.lsj.perseus-eng13.xml,etym,378
grc.lsj.perseus-eng13.xml,mood,332
grc.lsj.perseus-eng13.xml,placeName,199
grc.lsj.perseus-eng13.xml,pron,124
grc.lsj.perseus-eng13.xml,pb,89
grc.lsj.perseus-eng13.xml,per,84
grc.lsj.perseus-eng13.xml,number,80
grc.lsj.perseus-eng13.xml,name,8
grc.lsj.perseus-eng13.xml,hi,6
grc.lsj.perseus-eng13.xml,state,5
grc.lsj.perseus-eng13.xml,resp,4
grc.lsj.perseus-eng13.xml,language,4
grc.lsj.perseus-eng13.xml,respStmt,3
grc.lsj.perseus-eng13.xml,refsDecl,3
grc.lsj.perseus-eng13.xml,publisher,2
grc.lsj.perseus-eng13.xml,pubPlace,2
grc.lsj.perseus-eng13.xml,TEI.2,1
grc.lsj.perseus-eng13.xml,teiHeader,1
grc.lsj.perseus-eng13.xml,fileDesc,1
grc.lsj.perseus-eng13.xml,titleStmt,1
grc.lsj.perseus-eng13.xml,sponsor,1
grc.lsj.perseus-eng13.xml,principal,1
grc.lsj.perseus-eng13.xml,funder,1
grc.lsj.perseus-eng13.xml,publicationStmt,1
grc.lsj.perseus-eng13.xml,authority,1
grc.lsj.perseus-eng13.xml,sourceDesc,1
grc.lsj.perseus-eng13.xml,biblStruct,1
grc.lsj.perseus-eng13.xml,monogr,1
grc.lsj.perseus-eng13.xml,imprint,1
grc.lsj.perseus-eng13.xml,idno,1
grc.lsj.perseus-eng13.xml,encodingDesc,1
grc.lsj.perseus-eng13.xml,profileDesc,1
grc.lsj.perseus-eng13.xml,langUsage,1
grc.lsj.perseus-eng13.xml,revisionDesc,1
grc.lsj.perseus-eng13.xml,change,1
grc.lsj.perseus-eng13.xml,item,1
grc.lsj.perseus-eng13.xml,text,1
grc.lsj.perseus-eng13.xml,body,1
grc.lsj.perseus-eng13.xml,div0,1
grc.lsj.perseus-eng13.xml,head,1
grc.lsj.perseus-eng13.xml,num,1
grc.lsj.perseus-eng14.xml,bibl,8322
grc.lsj.perseus-eng14.xml,biblScope,7575
grc.lsj.perseus-eng14.xml,author,6285
grc.lsj.perseus-eng14.xml,title,4011
grc.lsj.perseus-eng14.xml,tr,2871
grc.lsj.perseus-eng14.xml,cit,2462
grc.lsj.perseus-eng14.xml,quote,2462
grc.lsj.perseus-eng14.xml,sense,2298
grc.lsj.perseus-eng14.xml,orth,2127
grc.lsj.perseus-eng14.xml,foreign,2070
grc.lsj.perseus-eng14.xml,entryFree,1793
grc.lsj.perseus-eng14.xml,itype,1303
grc.lsj.perseus-eng14.xml,gen,826
grc.lsj.perseus-eng14.xml,gramGrp,623
grc.lsj.perseus-eng14.xml,gram,623
grc.lsj.perseus-eng14.xml,xr,489
grc.lsj.perseus-eng14.xml,lbl,489
grc.lsj.perseus-eng14.xml,ref,489
grc.lsj.perseus-eng14.xml,date,362
grc.lsj.perseus-eng14.xml,etym,198
grc.lsj.perseus-eng14.xml,tns,179
grc.lsj.perseus-eng14.xml,abbr,172
grc.lsj.perseus-eng14.xml,pos,164
grc.lsj.perseus-eng14.xml,pron,113
grc.lsj.perseus-eng14.xml,placeName,87
grc.lsj.perseus-eng14.xml,mood,71
grc.lsj.perseus-eng14.xml,pb,28
grc.lsj.perseus-eng14.xml,per,23
grc.lsj.perseus-eng14.xml,number,23
grc.lsj.perseus-eng14.xml,name,6
grc.lsj.perseus-eng14.xml,state,5
grc.lsj.perseus-eng14.xml,resp,4
grc.lsj.perseus-eng14.xml,language,4
grc.lsj.perseus-eng14.xml,respStmt,3
grc.lsj.perseus-eng14.xml,refsDecl,3
grc.lsj.perseus-eng14.xml,publisher,2
grc.lsj.perseus-eng14.xml,pubPlace,2
grc.lsj.perseus-eng14.xml,hi,2
grc.lsj.perseus-eng14.xml,TEI.2,1
grc.lsj.perseus-eng14.xml,teiHeader,1
grc.lsj.perseus-eng14.xml,fileDesc,1
grc.lsj.perseus-eng14.xml,titleStmt,1
grc.lsj.perseus-eng14.xml,sponsor,1
grc.lsj.perseus-eng14.xml,principal,1
grc.lsj.perseus-eng14.xml,funder,1
grc.lsj.perseus-eng14.xml,publicationStmt,1
grc.lsj.perseus-eng14.xml,authority,1
grc.lsj.perseus-eng14.xml,sourceDesc,1
grc.lsj.perseus-eng14.xml,biblStruct,1
grc.lsj.perseus-eng14.xml,monogr,1
grc.lsj.perseus-eng14.xml,imprint,1
grc.lsj.perseus-eng14.xml,idno,1
grc.lsj.perseus-eng14.xml,encodingDesc,1
grc.lsj.perseus-eng14.xml,profileDesc,1
grc.lsj.perseus-eng14.xml,langUsage,1
grc.lsj.perseus-eng14.xml,revisionDesc,1
grc.lsj.perseus-eng14.xml,change,1
grc.lsj.perseus-eng14.xml,item,1
grc.lsj.perseus-eng14.xml,text,1
grc.lsj.perseus-eng14.xml,body,1
grc.lsj.perseus-eng14.xml,div0,1
grc.lsj.perseus-eng14.xml,head,1
grc.lsj.perseus-eng14.xml,num,1
grc.lsj.perseus-eng15.xml,bibl,1852
grc.lsj.perseus-eng15.xml,biblScope,1674
grc.lsj.perseus-eng15.xml,author,1347
grc.lsj.perseus-eng15.xml,title,893
grc.lsj.perseus-eng15.xml,tr,753
grc.lsj.perseus-eng15.xml,sense,575
grc.lsj.perseus-eng15.xml,orth,515
grc.lsj.perseus-eng15.xml,entryFree,455
grc.lsj.perseus-eng15.xml,cit,427
grc.lsj.perseus-eng15.xml,quote,427
grc.lsj.perseus-eng15.xml,foreign,413
grc.lsj.perseus-eng15.xml,gen,264
grc.lsj.perseus-eng15.xml,itype,216
grc.lsj.perseus-eng15.xml,date,154
grc.lsj.perseus-eng15.xml,gramGrp,134
grc.lsj.perseus-eng15.xml,gram,134
grc.lsj.perseus-eng15.xml,xr,130
grc.lsj.perseus-eng15.xml,lbl,130
grc.lsj.perseus-eng15.xml,ref,130
grc.lsj.perseus-eng15.xml,abbr,41
grc.lsj.perseus-eng15.xml,tns,40
grc.lsj.perseus-eng15.xml,pron,34
grc.lsj.perseus-eng15.xml,etym,33
grc.lsj.perseus-eng15.xml,pos,22
grc.lsj.perseus-eng15.xml,placeName,17
grc.lsj.perseus-eng15.xml,name,6
grc.lsj.perseus-eng15.xml,pb,6
grc.lsj.perseus-eng15.xml,state,5
grc.lsj.perseus-eng15.xml,mood,5
grc.lsj.perseus-eng15.xml,resp,4
grc.lsj.perseus-eng15.xml,language,4
grc.lsj.perseus-eng15.xml,respStmt,3
grc.lsj.perseus-eng15.xml,refsDecl,3
grc.lsj.perseus-eng15.xml,publisher,2
grc.lsj.perseus-eng15.xml,pubPlace,2
grc.lsj.perseus-eng15.xml,hi,2
grc.lsj.perseus-eng15.xml,TEI.2,1
grc.lsj.perseus-eng15.xml,teiHeader,1
grc.lsj.perseus-eng15.xml,fileDesc,1
grc.lsj.perseus-eng15.xml,titleStmt,1
grc.lsj.perseus-eng15.xml,sponsor,1
grc.lsj.perseus-eng15.xml,principal,1
grc.lsj.perseus-eng15.xml,funder,1
grc.lsj.perseus-eng15.xml,publicationStmt,1
grc.lsj.perseus-eng15.xml,authority,1
grc.lsj.perseus-eng15.xml,sourceDesc,1
grc.lsj.perseus-eng15.xml,biblStruct,1
grc.lsj.perseus-eng15.xml,monogr,1
grc.lsj.perseus-eng15.xml,imprint,1
grc.lsj.perseus-eng15.xml,idno,1
grc.lsj.perseus-eng15.xml,encodingDesc,1
grc.lsj.perseus-eng15.xml,profileDesc,1
grc.lsj.perseus-eng15.xml,langUsage,1
grc.lsj.perseus-eng15.xml,revisionDesc,1
grc.lsj.perseus-eng15.xml,change,1
grc.lsj.perseus-eng15.xml,item,1
grc.lsj.perseus-eng15.xml,text,1
grc.lsj.perseus-eng15.xml,body,1
grc.lsj.perseus-eng15.xml,div0,1
grc.lsj.perseus-eng15.xml,head,1
grc.lsj.perseus-eng15.xml,num,1
grc.lsj.perseus-eng16.xml,bibl,25750
grc.lsj.perseus-eng16.xml,biblScope,23526
grc.lsj.perseus-eng16.xml,author,18982
grc.lsj.perseus-eng16.xml,title,12018
grc.lsj.perseus-eng16.xml,tr,8781
grc.lsj.perseus-eng16.xml,foreign,7545
grc.lsj.perseus-eng16.xml,cit,6794
grc.lsj.perseus-eng16.xml,quote,6794
grc.lsj.perseus-eng16.xml,sense,6232
grc.lsj.perseus-eng16.xml,orth,5457
grc.lsj.perseus-eng16.xml,entryFree,4512
grc.lsj.perseus-eng16.xml,itype,2867
grc.lsj.perseus-eng16.xml,gen,2149
grc.lsj.perseus-eng16.xml,gramGrp,1523
grc.lsj.perseus-eng16.xml,gram,1523
grc.lsj.perseus-eng16.xml,xr,1450
grc.lsj.perseus-eng16.xml,lbl,1450
grc.lsj.perseus-eng16.xml,ref,1450
grc.lsj.perseus-eng16.xml,date,923
grc.lsj.perseus-eng16.xml,tns,584
grc.lsj.perseus-eng16.xml,abbr,495
grc.lsj.perseus-eng16.xml,pos,458
grc.lsj.perseus-eng16.xml,etym,338
grc.lsj.perseus-eng16.xml,mood,295
grc.lsj.perseus-eng16.xml,pron,286
grc.lsj.perseus-eng16.xml,placeName,205
grc.lsj.perseus-eng16.xml,pb,90
grc.lsj.perseus-eng16.xml,per,84
grc.lsj.perseus-eng16.xml,number,82
grc.lsj.perseus-eng16.xml,hi,8
grc.lsj.perseus-eng16.xml,name,7
grc.lsj.perseus-eng16.xml,state,5
grc.lsj.perseus-eng16.xml,resp,4
grc.lsj.perseus-eng16.xml,language,4
grc.lsj.perseus-eng16.xml,respStmt,3
grc.lsj.perseus-eng16.xml,refsDecl,3
grc.lsj.perseus-eng16.xml,publisher,2
grc.lsj.perseus-eng16.xml,pubPlace,2
grc.lsj.perseus-eng16.xml,TEI.2,1
grc.lsj.perseus-eng16.xml,teiHeader,1
grc.lsj.perseus-eng16.xml,fileDesc,1
grc.lsj.perseus-eng16.xml,titleStmt,1
grc.lsj.perseus-eng16.xml,sponsor,1
grc.lsj.perseus-eng16.xml,principal,1
grc.lsj.perseus-eng16.xml,funder,1
grc.lsj.perseus-eng16.xml,publicationStmt,1
grc.lsj.perseus-eng16.xml,authority,1
grc.lsj.perseus-eng16.xml,sourceDesc,1
grc.lsj.perseus-eng16.xml,biblStruct,1
grc.lsj.perseus-eng16.xml,monogr,1
grc.lsj.perseus-eng16.xml,imprint,1
grc.lsj.perseus-eng16.xml,idno,1
grc.lsj.perseus-eng16.xml,encodingDesc,1
grc.lsj.perseus-eng16.xml,profileDesc,1
grc.lsj.perseus-eng16.xml,langUsage,1
grc.lsj.perseus-eng16.xml,revisionDesc,1
grc.lsj.perseus-eng16.xml,change,1
grc.lsj.perseus-eng16.xml,item,1
grc.lsj.perseus-eng16.xml,text,1
grc.lsj.perseus-eng16.xml,body,1
grc.lsj.perseus-eng16.xml,div0,1
grc.lsj.perseus-eng16.xml,head,1
grc.lsj.perseus-eng16.xml,subc,1
grc.lsj.perseus-eng17.xml,bibl,78351
grc.lsj.perseus-eng17.xml,biblScope,72683
grc.lsj.perseus-eng17.xml,author,59748
grc.lsj.perseus-eng17.xml,title,38236
grc.lsj.perseus-eng17.xml,tr,33046
grc.lsj.perseus-eng17.xml,sense,22718
grc.lsj.perseus-eng17.xml,cit,21952
grc.lsj.perseus-eng17.xml,quote,21952
grc.lsj.perseus-eng17.xml,foreign,19601
grc.lsj.perseus-eng17.xml,orth,17821
grc.lsj.perseus-eng17.xml,entryFree,15622
grc.lsj.perseus-eng17.xml,itype,8688
grc.lsj.perseus-eng17.xml,gramGrp,6081
grc.lsj.perseus-eng17.xml,gram,6081
grc.lsj.perseus-eng17.xml,gen,5658
grc.lsj.perseus-eng17.xml,date,3505
grc.lsj.perseus-eng17.xml,xr,3247
grc.lsj.perseus-eng17.xml,lbl,3247
grc.lsj.perseus-eng17.xml,ref,3247
grc.lsj.perseus-eng17.xml,tns,1894
grc.lsj.perseus-eng17.xml,abbr,1204
grc.lsj.perseus-eng17.xml,etym,1196
grc.lsj.perseus-eng17.xml,pos,1164
grc.lsj.perseus-eng17.xml,mood,826
grc.lsj.perseus-eng17.xml,placeName,741
grc.lsj.perseus-eng17.xml,pron,591
grc.lsj.perseus-eng17.xml,pb,279
grc.lsj.perseus-eng17.xml,per,125
grc.lsj.perseus-eng17.xml,number,124
grc.lsj.perseus-eng17.xml,hi,28
grc.lsj.perseus-eng17.xml,name,11
grc.lsj.perseus-eng17.xml,state,5
grc.lsj.perseus-eng17.xml,resp,4
grc.lsj.perseus-eng17.xml,language,4
grc.lsj.perseus-eng17.xml,respStmt,3
grc.lsj.perseus-eng17.xml,refsDecl,3
grc.lsj.perseus-eng17.xml,publisher,2
grc.lsj.perseus-eng17.xml,pubPlace,2
grc.lsj.perseus-eng17.xml,TEI.2,1
grc.lsj.perseus-eng17.xml,teiHeader,1
grc.lsj.perseus-eng17.xml,fileDesc,1
grc.lsj.perseus-eng17.xml,titleStmt,1
grc.lsj.perseus-eng17.xml,sponsor,1
grc.lsj.perseus-eng17.xml,principal,1
grc.lsj.perseus-eng17.xml,funder,1
grc.lsj.perseus-eng17.xml,publicationStmt,1
grc.lsj.perseus-eng17.xml,authority,1
grc.lsj.perseus-eng17.xml,sourceDesc,1
grc.lsj.perseus-eng17.xml,biblStruct,1
grc.lsj.perseus-eng17.xml,monogr,1
grc.lsj.perseus-eng17.xml,imprint,1
grc.lsj.perseus-eng17.xml,idno,1
grc.lsj.perseus-eng17.xml,encodingDesc,1
grc.lsj.perseus-eng17.xml,profileDesc,1
grc.lsj.perseus-eng17.xml,langUsage,1
grc.lsj.perseus-eng17.xml,revisionDesc,1
grc.lsj.perseus-eng17.xml,change,1
grc.lsj.perseus-eng17.xml,item,1
grc.lsj.perseus-eng17.xml,text,1
grc.lsj.perseus-eng17.xml,body,1
grc.lsj.perseus-eng17.xml,div0,1
grc.lsj.perseus-eng17.xml,head,1
grc.lsj.perseus-eng17.xml,num,1
grc.lsj.perseus-eng17.xml,subc,1
grc.lsj.perseus-eng18.xml,title,3400
grc.lsj.perseus-eng18.xml,item,2898
grc.lsj.perseus-eng18.xml,hi,1268
grc.lsj.perseus-eng18.xml,date,918
grc.lsj.perseus-eng18.xml,foreign,245
grc.lsj.perseus-eng18.xml,p,52
grc.lsj.perseus-eng18.xml,bibl,26
grc.lsj.perseus-eng18.xml,biblScope,25
grc.lsj.perseus-eng18.xml,note,20
grc.lsj.perseus-eng18.xml,head,11
grc.lsj.perseus-eng18.xml,pb,10
grc.lsj.perseus-eng18.xml,author,9
grc.lsj.perseus-eng18.xml,div1,8
grc.lsj.perseus-eng18.xml,name,7
grc.lsj.perseus-eng18.xml,list,6
grc.lsj.perseus-eng18.xml,state,5
grc.lsj.perseus-eng18.xml,itype,5
grc.lsj.perseus-eng18.xml,resp,4
grc.lsj.perseus-eng18.xml,language,4
grc.lsj.perseus-eng18.xml,orth,4
grc.lsj.perseus-eng18.xml,respStmt,3
grc.lsj.perseus-eng18.xml,refsDecl,3
grc.lsj.perseus-eng18.xml,measure,3
grc.lsj.perseus-eng18.xml,quote,3
grc.lsj.perseus-eng18.xml,tr,3
grc.lsj.perseus-eng18.xml,publisher,2
grc.lsj.perseus-eng18.xml,pubPlace,2
grc.lsj.perseus-eng18.xml,closer,2
grc.lsj.perseus-eng18.xml,div2,2
grc.lsj.perseus-eng18.xml,sense,2
grc.lsj.perseus-eng18.xml,TEI.2,1
grc.lsj.perseus-eng18.xml,teiHeader,1
grc.lsj.perseus-eng18.xml,fileDesc,1
grc.lsj.perseus-eng18.xml,titleStmt,1
grc.lsj.perseus-eng18.xml,sponsor,1
grc.lsj.perseus-eng18.xml,principal,1
grc.lsj.perseus-eng18.xml,funder,1
grc.lsj.perseus-eng18.xml,publicationStmt,1
grc.lsj.perseus-eng18.xml,authority,1
grc.lsj.perseus-eng18.xml,sourceDesc,1
grc.lsj.perseus-eng18.xml,biblStruct,1
grc.lsj.perseus-eng18.xml,monogr,1
grc.lsj.perseus-eng18.xml,imprint,1
grc.lsj.perseus-eng18.xml,idno,1
grc.lsj.perseus-eng18.xml,encodingDesc,1
grc.lsj.perseus-eng18.xml,profileDesc,1
grc.lsj.perseus-eng18.xml,langUsage,1
grc.lsj.perseus-eng18.xml,revisionDesc,1
grc.lsj.perseus-eng18.xml,change,1
grc.lsj.perseus-eng18.xml,text,1
grc.lsj.perseus-eng18.xml,front,1
grc.lsj.perseus-eng18.xml,mentioned,1
grc.lsj.perseus-eng18.xml,signed,1
grc.lsj.perseus-eng18.xml,dateline,1
grc.lsj.perseus-eng18.xml,body,1
grc.lsj.perseus-eng18.xml,div0,1
grc.lsj.perseus-eng18.xml,entryFree,1
grc.lsj.perseus-eng18.xml,cit,1
grc.lsj.perseus-eng18.xml,abbr,1
grc.lsj.perseus-eng19.xml,title,3390
grc.lsj.perseus-eng19.xml,item,2898
grc.lsj.perseus-eng19.xml,hi,1268
grc.lsj.perseus-eng19.xml,date,908
grc.lsj.perseus-eng19.xml,foreign,244
grc.lsj.perseus-eng19.xml,p,52
grc.lsj.perseus-eng19.xml,note,20
grc.lsj.perseus-eng19.xml,head,11
grc.lsj.perseus-eng19.xml,pb,10
grc.lsj.perseus-eng19.xml,div1,8
grc.lsj.perseus-eng19.xml,name,7
grc.lsj.perseus-eng19.xml,list,6
grc.lsj.perseus-eng19.xml,state,5
grc.lsj.perseus-eng19.xml,bibl,5
grc.lsj.perseus-eng19.xml,biblScope,5
grc.lsj.perseus-eng19.xml,author,4
grc.lsj.perseus-eng19.xml,resp,4
grc.lsj.perseus-eng19.xml,language,4
grc.lsj.perseus-eng19.xml,respStmt,3
grc.lsj.perseus-eng19.xml,refsDecl,3
grc.lsj.perseus-eng19.xml,measure,3
grc.lsj.perseus-eng19.xml,publisher,2
grc.lsj.perseus-eng19.xml,pubPlace,2
grc.lsj.perseus-eng19.xml,quote,2
grc.lsj.perseus-eng19.xml,closer,2
grc.lsj.perseus-eng19.xml,div2,2
grc.lsj.perseus-eng19.xml,orth,2
grc.lsj.perseus-eng19.xml,TEI.2,1
grc.lsj.perseus-eng19.xml,teiHeader,1
grc.lsj.perseus-eng19.xml,fileDesc,1
grc.lsj.perseus-eng19.xml,titleStmt,1
grc.lsj.perseus-eng19.xml,sponsor,1
grc.lsj.perseus-eng19.xml,principal,1
grc.lsj.perseus-eng19.xml,funder,1
grc.lsj.perseus-eng19.xml,publicationStmt,1
grc.lsj.perseus-eng19.xml,authority,1
grc.lsj.perseus-eng19.xml,sourceDesc,1
grc.lsj.perseus-eng19.xml,biblStruct,1
grc.lsj.perseus-eng19.xml,monogr,1
grc.lsj.perseus-eng19.xml,imprint,1
grc.lsj.perseus-eng19.xml,idno,1
grc.lsj.perseus-eng19.xml,encodingDesc,1
grc.lsj.perseus-eng19.xml,profileDesc,1
grc.lsj.perseus-eng19.xml,langUsage,1
grc.lsj.perseus-eng19.xml,revisionDesc,1
grc.lsj.perseus-eng19.xml,change,1
grc.lsj.perseus-eng19.xml,text,1
grc.lsj.perseus-eng19.xml,front,1
grc.lsj.perseus-eng19.xml,mentioned,1
grc.lsj.perseus-eng19.xml,signed,1
grc.lsj.perseus-eng19.xml,dateline,1
grc.lsj.perseus-eng19.xml,body,1
grc.lsj.perseus-eng19.xml,div0,1
grc.lsj.perseus-eng19.xml,entryFree,1
grc.lsj.perseus-eng19.xml,gramGrp,1
grc.lsj.perseus-eng19.xml,gram,1
grc.lsj.perseus-eng19.xml,abbr,1
grc.lsj.perseus-eng20.xml,bibl,4794
grc.lsj.perseus-eng20.xml,biblScope,4262
grc.lsj.perseus-eng20.xml,author,3566
grc.lsj.perseus-eng20.xml,title,2219
grc.lsj.perseus-eng20.xml,tr,1826
grc.lsj.perseus-eng20.xml,foreign,1552
grc.lsj.perseus-eng20.xml,sense,1255
grc.lsj.perseus-eng20.xml,orth,1190
grc.lsj.perseus-eng20.xml,cit,1046
grc.lsj.perseus-eng20.xml,quote,1046
grc.lsj.perseus-eng20.xml,entryFree,947
grc.lsj.perseus-eng20.xml,itype,584
grc.lsj.perseus-eng20.xml,gen,509
grc.lsj.perseus-eng20.xml,gramGrp,322
grc.lsj.perseus-eng20.xml,gram,322
grc.lsj.perseus-eng20.xml,xr,250
grc.lsj.perseus-eng20.xml,lbl,250
grc.lsj.perseus-eng20.xml,ref,250
grc.lsj.perseus-eng20.xml,date,182
grc.lsj.perseus-eng20.xml,etym,158
grc.lsj.perseus-eng20.xml,tns,116
grc.lsj.perseus-eng20.xml,abbr,68
grc.lsj.perseus-eng20.xml,pos,59
grc.lsj.perseus-eng20.xml,placeName,52
grc.lsj.perseus-eng20.xml,mood,32
grc.lsj.perseus-eng20.xml,pb,17
grc.lsj.perseus-eng20.xml,per,14
grc.lsj.perseus-eng20.xml,number,14
grc.lsj.perseus-eng20.xml,pron,13
grc.lsj.perseus-eng20.xml,name,6
grc.lsj.perseus-eng20.xml,state,5
grc.lsj.perseus-eng20.xml,resp,4
grc.lsj.perseus-eng20.xml,language,4
grc.lsj.perseus-eng20.xml,respStmt,3
grc.lsj.perseus-eng20.xml,refsDecl,3
grc.lsj.perseus-eng20.xml,publisher,2
grc.lsj.perseus-eng20.xml,pubPlace,2
grc.lsj.perseus-eng20.xml,TEI.2,1
grc.lsj.perseus-eng20.xml,teiHeader,1
grc.lsj.perseus-eng20.xml,fileDesc,1
grc.lsj.perseus-eng20.xml,titleStmt,1
grc.lsj.perseus-eng20.xml,sponsor,1
grc.lsj.perseus-eng20.xml,principal,1
grc.lsj.perseus-eng20.xml,funder,1
grc.lsj.perseus-eng20.xml,publicationStmt,1
grc.lsj.perseus-eng20.xml,authority,1
grc.lsj.perseus-eng20.xml,sourceDesc,1
grc.lsj.perseus-eng20.xml,biblStruct,1
grc.lsj.perseus-eng20.xml,monogr,1
grc.lsj.perseus-eng20.xml,imprint,1
grc.lsj.perseus-eng20.xml,idno,1
grc.lsj.perseus-eng20.xml,encodingDesc,1
grc.lsj.perseus-eng20.xml,profileDesc,1
grc.lsj.perseus-eng20.xml,langUsage,1
grc.lsj.perseus-eng20.xml,revisionDesc,1
grc.lsj.perseus-eng20.xml,change,1
grc.lsj.perseus-eng20.xml,item,1
grc.lsj.perseus-eng20.xml,text,1
grc.lsj.perseus-eng20.xml,body,1
grc.lsj.perseus-eng20.xml,div0,1
grc.lsj.perseus-eng20.xml,head,1
grc.lsj.perseus-eng20.xml,num,1
grc.lsj.perseus-eng20.xml,hi,1
grc.lsj.perseus-eng21.xml,bibl,49403
grc.lsj.perseus-eng21.xml,biblScope,45327
grc.lsj.perseus-eng21.xml,author,36491
grc.lsj.perseus-eng21.xml,title,24909
grc.lsj.perseus-eng21.xml,tr,19412
grc.lsj.perseus-eng21.xml,foreign,13230
grc.lsj.perseus-eng21.xml,sense,12776
grc.lsj.perseus-eng21.xml,cit,11365
grc.lsj.perseus-eng21.xml,quote,11365
grc.lsj.perseus-eng21.xml,orth,10814
grc.lsj.perseus-eng21.xml,entryFree,9152
grc.lsj.perseus-eng21.xml,itype,4675
grc.lsj.perseus-eng21.xml,gen,4069
grc.lsj.perseus-eng21.xml,gramGrp,3295
grc.lsj.perseus-eng21.xml,gram,3295
grc.lsj.perseus-eng21.xml,date,3114
grc.lsj.perseus-eng21.xml,xr,1839
grc.lsj.perseus-eng21.xml,lbl,1839
grc.lsj.perseus-eng21.xml,ref,1839
grc.lsj.perseus-eng21.xml,tns,1030
grc.lsj.perseus-eng21.xml,etym,738
grc.lsj.perseus-eng21.xml,abbr,637
grc.lsj.perseus-eng21.xml,pos,534
grc.lsj.perseus-eng21.xml,placeName,508
grc.lsj.perseus-eng21.xml,mood,350
grc.lsj.perseus-eng21.xml,pron,189
grc.lsj.perseus-eng21.xml,pb,173
grc.lsj.perseus-eng21.xml,per,107
grc.lsj.perseus-eng21.xml,number,89
grc.lsj.perseus-eng21.xml,hi,18
grc.lsj.perseus-eng21.xml,name,8
grc.lsj.perseus-eng21.xml,state,5
grc.lsj.perseus-eng21.xml,resp,4
grc.lsj.perseus-eng21.xml,language,4
grc.lsj.perseus-eng21.xml,respStmt,3
grc.lsj.perseus-eng21.xml,refsDecl,3
grc.lsj.perseus-eng21.xml,publisher,2
grc.lsj.perseus-eng21.xml,pubPlace,2
grc.lsj.perseus-eng21.xml,TEI.2,1
grc.lsj.perseus-eng21.xml,teiHeader,1
grc.lsj.perseus-eng21.xml,fileDesc,1
grc.lsj.perseus-eng21.xml,titleStmt,1
grc.lsj.perseus-eng21.xml,sponsor,1
grc.lsj.perseus-eng21.xml,principal,1
grc.lsj.perseus-eng21.xml,funder,1
grc.lsj.perseus-eng21.xml,publicationStmt,1
grc.lsj.perseus-eng21.xml,authority,1
grc.lsj.perseus-eng21.xml,sourceDesc,1
grc.lsj.perseus-eng21.xml,biblStruct,1
grc.lsj.perseus-eng21.xml,monogr,1
grc.lsj.perseus-eng21.xml,imprint,1
grc.lsj.perseus-eng21.xml,idno,1
grc.lsj.perseus-eng21.xml,encodingDesc,1
grc.lsj.perseus-eng21.xml,profileDesc,1
grc.lsj.perseus-eng21.xml,langUsage,1
grc.lsj.perseus-eng21.xml,revisionDesc,1
grc.lsj.perseus-eng21.xml,change,1
grc.lsj.perseus-eng21.xml,item,1
grc.lsj.perseus-eng21.xml,text,1
grc.lsj.perseus-eng21.xml,body,1
grc.lsj.perseus-eng21.xml,div0,1
grc.lsj.perseus-eng21.xml,head,1
grc.lsj.perseus-eng21.xml,num,1
grc.lsj.perseus-eng22.xml,bibl,25460
grc.lsj.perseus-eng22.xml,biblScope,23383
grc.lsj.perseus-eng22.xml,author,17765
grc.lsj.perseus-eng22.xml,title,11892
grc.lsj.perseus-eng22.xml,tr,8192
grc.lsj.perseus-eng22.xml,foreign,7375
grc.lsj.perseus-eng22.xml,cit,6224
grc.lsj.perseus-eng22.xml,quote,6224
grc.lsj.perseus-eng22.xml,sense,5705
grc.lsj.perseus-eng22.xml,orth,4842
grc.lsj.perseus-eng22.xml,entryFree,3995
grc.lsj.perseus-eng22.xml,itype,2824
grc.lsj.perseus-eng22.xml,gen,1989
grc.lsj.perseus-eng22.xml,gramGrp,1509
grc.lsj.perseus-eng22.xml,gram,1509
grc.lsj.perseus-eng22.xml,date,1457
grc.lsj.perseus-eng22.xml,xr,1270
grc.lsj.perseus-eng22.xml,lbl,1270
grc.lsj.perseus-eng22.xml,ref,1270
grc.lsj.perseus-eng22.xml,tns,526
grc.lsj.perseus-eng22.xml,abbr,490
grc.lsj.perseus-eng22.xml,etym,456
grc.lsj.perseus-eng22.xml,pos,380
grc.lsj.perseus-eng22.xml,placeName,249
grc.lsj.perseus-eng22.xml,pron,242
grc.lsj.perseus-eng22.xml,mood,197
grc.lsj.perseus-eng22.xml,per,90
grc.lsj.perseus-eng22.xml,pb,88
grc.lsj.perseus-eng22.xml,number,83
grc.lsj.perseus-eng22.xml,hi,17
grc.lsj.perseus-eng22.xml,name,8
grc.lsj.perseus-eng22.xml,state,5
grc.lsj.perseus-eng22.xml,resp,4
grc.lsj.perseus-eng22.xml,language,4
grc.lsj.perseus-eng22.xml,respStmt,3
grc.lsj.perseus-eng22.xml,refsDecl,3
grc.lsj.perseus-eng22.xml,publisher,2
grc.lsj.perseus-eng22.xml,pubPlace,2
grc.lsj.perseus-eng22.xml,TEI.2,1
grc.lsj.perseus-eng22.xml,teiHeader,1
grc.lsj.perseus-eng22.xml,fileDesc,1
grc.lsj.perseus-eng22.xml,titleStmt,1
grc.lsj.perseus-eng22.xml,sponsor,1
grc.lsj.perseus-eng22.xml,principal,1
grc.lsj.perseus-eng22.xml,funder,1
grc.lsj.perseus-eng22.xml,publicationStmt,1
grc.lsj.perseus-eng22.xml,authority,1
grc.lsj.perseus-eng22.xml,sourceDesc,1
grc.lsj.perseus-eng22.xml,biblStruct,1
grc.lsj.perseus-eng22.xml,monogr,1
grc.lsj.perseus-eng22.xml,imprint,1
grc.lsj.perseus-eng22.xml,idno,1
grc.lsj.perseus-eng22.xml,encodingDesc,1
grc.lsj.perseus-eng22.xml,profileDesc,1
grc.lsj.perseus-eng22.xml,langUsage,1
grc.lsj.perseus-eng22.xml,revisionDesc,1
grc.lsj.perseus-eng22.xml,change,1
grc.lsj.perseus-eng22.xml,item,1
grc.lsj.perseus-eng22.xml,text,1
grc.lsj.perseus-eng22.xml,body,1
grc.lsj.perseus-eng22.xml,div0,1
grc.lsj.perseus-eng22.xml,head,1
grc.lsj.perseus-eng22.xml,num,1
grc.lsj.perseus-eng23.xml,bibl,18451
grc.lsj.perseus-eng23.xml,biblScope,16991
grc.lsj.perseus-eng23.xml,author,13589
grc.lsj.perseus-eng23.xml,title,8865
grc.lsj.perseus-eng23.xml,tr,8271
grc.lsj.perseus-eng23.xml,sense,5549
grc.lsj.perseus-eng23.xml,cit,5140
grc.lsj.perseus-eng23.xml,quote,5140
grc.lsj.perseus-eng23.xml,foreign,4743
grc.lsj.perseus-eng23.xml,orth,4342
grc.lsj.perseus-eng23.xml,entryFree,3917
grc.lsj.perseus-eng23.xml,itype,2110
grc.lsj.perseus-eng23.xml,gen,1227
grc.lsj.perseus-eng23.xml,gramGrp,1178
grc.lsj.perseus-eng23.xml,gram,1178
grc.lsj.perseus-eng23.xml,date,1122
grc.lsj.perseus-eng23.xml,xr,865
grc.lsj.perseus-eng23.xml,lbl,865
grc.lsj.perseus-eng23.xml,ref,865
grc.lsj.perseus-eng23.xml,abbr,354
grc.lsj.perseus-eng23.xml,tns,347
grc.lsj.perseus-eng23.xml,etym,269
grc.lsj.perseus-eng23.xml,pos,244
grc.lsj.perseus-eng23.xml,pron,238
grc.lsj.perseus-eng23.xml,mood,158
grc.lsj.perseus-eng23.xml,placeName,150
grc.lsj.perseus-eng23.xml,pb,71
grc.lsj.perseus-eng23.xml,per,26
grc.lsj.perseus-eng23.xml,number,25
grc.lsj.perseus-eng23.xml,name,7
grc.lsj.perseus-eng23.xml,state,5
grc.lsj.perseus-eng23.xml,resp,4
grc.lsj.perseus-eng23.xml,language,4
grc.lsj.perseus-eng23.xml,hi,4
grc.lsj.perseus-eng23.xml,respStmt,3
grc.lsj.perseus-eng23.xml,refsDecl,3
grc.lsj.perseus-eng23.xml,publisher,2
grc.lsj.perseus-eng23.xml,pubPlace,2
grc.lsj.perseus-eng23.xml,TEI.2,1
grc.lsj.perseus-eng23.xml,teiHeader,1
grc.lsj.perseus-eng23.xml,fileDesc,1
grc.lsj.perseus-eng23.xml,titleStmt,1
grc.lsj.perseus-eng23.xml,sponsor,1
grc.lsj.perseus-eng23.xml,principal,1
grc.lsj.perseus-eng23.xml,funder,1
grc.lsj.perseus-eng23.xml,publicationStmt,1
grc.lsj.perseus-eng23.xml,authority,1
grc.lsj.perseus-eng23.xml,sourceDesc,1
grc.lsj.perseus-eng23.xml,biblStruct,1
grc.lsj.perseus-eng23.xml,monogr,1
grc.lsj.perseus-eng23.xml,imprint,1
grc.lsj.perseus-eng23.xml,idno,1
grc.lsj.perseus-eng23.xml,encodingDesc,1
grc.lsj.perseus-eng23.xml,profileDesc,1
grc.lsj.perseus-eng23.xml,langUsage,1
grc.lsj.perseus-eng23.xml,revisionDesc,1
grc.lsj.perseus-eng23.xml,change,1
grc.lsj.perseus-eng23.xml,item,1
grc.lsj.perseus-eng23.xml,text,1
grc.lsj.perseus-eng23.xml,body,1
grc.lsj.perseus-eng23.xml,div0,1
grc.lsj.perseus-eng23.xml,head,1
grc.lsj.perseus-eng24.xml,bibl,17381
grc.lsj.perseus-eng24.xml,biblScope,16009
grc.lsj.perseus-eng24.xml,author,12976
grc.lsj.perseus-eng24.xml,title,8702
grc.lsj.perseus-eng24.xml,tr,5804
grc.lsj.perseus-eng24.xml,cit,5249
grc.lsj.perseus-eng24.xml,quote,5249
grc.lsj.perseus-eng24.xml,sense,4076
grc.lsj.perseus-eng24.xml,foreign,3868
grc.lsj.perseus-eng24.xml,orth,3302
grc.lsj.perseus-eng24.xml,entryFree,2877
grc.lsj.perseus-eng24.xml,itype,1990
grc.lsj.perseus-eng24.xml,gen,1439
grc.lsj.perseus-eng24.xml,gramGrp,907
grc.lsj.perseus-eng24.xml,gram,907
grc.lsj.perseus-eng24.xml,xr,793
grc.lsj.perseus-eng24.xml,lbl,793
grc.lsj.perseus-eng24.xml,ref,793
grc.lsj.perseus-eng24.xml,date,660
grc.lsj.perseus-eng24.xml,tns,361
grc.lsj.perseus-eng24.xml,abbr,301
grc.lsj.perseus-eng24.xml,etym,281
grc.lsj.perseus-eng24.xml,mood,260
grc.lsj.perseus-eng24.xml,pron,258
grc.lsj.perseus-eng24.xml,pos,203
grc.lsj.perseus-eng24.xml,placeName,129
grc.lsj.perseus-eng24.xml,per,126
grc.lsj.perseus-eng24.xml,number,126
grc.lsj.perseus-eng24.xml,pb,58
grc.lsj.perseus-eng24.xml,hi,7
grc.lsj.perseus-eng24.xml,name,6
grc.lsj.perseus-eng24.xml,state,5
grc.lsj.perseus-eng24.xml,resp,4
grc.lsj.perseus-eng24.xml,language,4
grc.lsj.perseus-eng24.xml,respStmt,3
grc.lsj.perseus-eng24.xml,refsDecl,3
grc.lsj.perseus-eng24.xml,publisher,2
grc.lsj.perseus-eng24.xml,pubPlace,2
grc.lsj.perseus-eng24.xml,TEI.2,1
grc.lsj.perseus-eng24.xml,teiHeader,1
grc.lsj.perseus-eng24.xml,fileDesc,1
grc.lsj.perseus-eng24.xml,titleStmt,1
grc.lsj.perseus-eng24.xml,sponsor,1
grc.lsj.perseus-eng24.xml,principal,1
grc.lsj.perseus-eng24.xml,funder,1
grc.lsj.perseus-eng24.xml,publicationStmt,1
grc.lsj.perseus-eng24.xml,authority,1
grc.lsj.perseus-eng24.xml,sourceDesc,1
grc.lsj.perseus-eng24.xml,biblStruct,1
grc.lsj.perseus-eng24.xml,monogr,1
grc.lsj.perseus-eng24.xml,imprint,1
grc.lsj.perseus-eng24.xml,idno,1
grc.lsj.perseus-eng24.xml,encodingDesc,1
grc.lsj.perseus-eng24.xml,profileDesc,1
grc.lsj.perseus-eng24.xml,langUsage,1
grc.lsj.perseus-eng24.xml,revisionDesc,1
grc.lsj.perseus-eng24.xml,change,1
grc.lsj.perseus-eng24.xml,item,1
grc.lsj.perseus-eng24.xml,text,1
grc.lsj.perseus-eng24.xml,body,1
grc.lsj.perseus-eng24.xml,div0,1
grc.lsj.perseus-eng24.xml,head,1
grc.lsj.perseus-eng24.xml,num,1
grc.lsj.perseus-eng25.xml,bibl,13954
grc.lsj.perseus-eng25.xml,biblScope,12791
grc.lsj.perseus-eng25.xml,author,10120
grc.lsj.perseus-eng25.xml,title,6700
grc.lsj.perseus-eng25.xml,tr,4978
grc.lsj.perseus-eng25.xml,cit,3877
grc.lsj.perseus-eng25.xml,quote,3877
grc.lsj.perseus-eng25.xml,sense,3491
grc.lsj.perseus-eng25.xml,foreign,3465
grc.lsj.perseus-eng25.xml,orth,2719
grc.lsj.perseus-eng25.xml,entryFree,2341
grc.lsj.perseus-eng25.xml,itype,1515
grc.lsj.perseus-eng25.xml,gen,1322
grc.lsj.perseus-eng25.xml,gramGrp,711
grc.lsj.perseus-eng25.xml,gram,711
grc.lsj.perseus-eng25.xml,date,707
grc.lsj.perseus-eng25.xml,xr,693
grc.lsj.perseus-eng25.xml,lbl,693
grc.lsj.perseus-eng25.xml,ref,693
grc.lsj.perseus-eng25.xml,abbr,273
grc.lsj.perseus-eng25.xml,tns,247
grc.lsj.perseus-eng25.xml,pron,198
grc.lsj.perseus-eng25.xml,etym,177
grc.lsj.perseus-eng25.xml,pos,146
grc.lsj.perseus-eng25.xml,mood,145
grc.lsj.perseus-eng25.xml,placeName,133
grc.lsj.perseus-eng25.xml,pb,48
grc.lsj.perseus-eng25.xml,per,41
grc.lsj.perseus-eng25.xml,number,37
grc.lsj.perseus-eng25.xml,name,9
grc.lsj.perseus-eng25.xml,hi,7
grc.lsj.perseus-eng25.xml,state,5
grc.lsj.perseus-eng25.xml,resp,4
grc.lsj.perseus-eng25.xml,language,4
grc.lsj.perseus-eng25.xml,respStmt,3
grc.lsj.perseus-eng25.xml,refsDecl,3
grc.lsj.perseus-eng25.xml,publisher,2
grc.lsj.perseus-eng25.xml,pubPlace,2
grc.lsj.perseus-eng25.xml,TEI.2,1
grc.lsj.perseus-eng25.xml,teiHeader,1
grc.lsj.perseus-eng25.xml,fileDesc,1
grc.lsj.perseus-eng25.xml,titleStmt,1
grc.lsj.perseus-eng25.xml,sponsor,1
grc.lsj.perseus-eng25.xml,principal,1
grc.lsj.perseus-eng25.xml,funder,1
grc.lsj.perseus-eng25.xml,publicationStmt,1
grc.lsj.perseus-eng25.xml,authority,1
grc.lsj.perseus-eng25.xml,sourceDesc,1
grc.lsj.perseus-eng25.xml,biblStruct,1
grc.lsj.perseus-eng25.xml,monogr,1
grc.lsj.perseus-eng25.xml,imprint,1
grc.lsj.perseus-eng25.xml,idno,1
grc.lsj.perseus-eng25.xml,encodingDesc,1
grc.lsj.perseus-eng25.xml,profileDesc,1
grc.lsj.perseus-eng25.xml,langUsage,1
grc.lsj.perseus-eng25.xml,revisionDesc,1
grc.lsj.perseus-eng25.xml,change,1
grc.lsj.perseus-eng25.xml,item,1
grc.lsj.perseus-eng25.xml,text,1
grc.lsj.perseus-eng25.xml,body,1
grc.lsj.perseus-eng25.xml,div0,1
grc.lsj.perseus-eng25.xml,head,1
grc.lsj.perseus-eng25.xml,num,1
grc.lsj.perseus-eng26.xml,bibl,3179
grc.lsj.perseus-eng26.xml,biblScope,2770
grc.lsj.perseus-eng26.xml,author,2452
grc.lsj.perseus-eng26.xml,title,1555
grc.lsj.perseus-eng26.xml,tr,1248
grc.lsj.perseus-eng26.xml,foreign,951
grc.lsj.perseus-eng26.xml,orth,934
grc.lsj.perseus-eng26.xml,sense,926
grc.lsj.perseus-eng26.xml,cit,791
grc.lsj.perseus-eng26.xml,quote,791
grc.lsj.perseus-eng26.xml,entryFree,776
grc.lsj.perseus-eng26.xml,itype,440
grc.lsj.perseus-eng26.xml,gen,410
grc.lsj.perseus-eng26.xml,xr,221
grc.lsj.perseus-eng26.xml,lbl,221
grc.lsj.perseus-eng26.xml,ref,221
grc.lsj.perseus-eng26.xml,gramGrp,159
grc.lsj.perseus-eng26.xml,gram,159
grc.lsj.perseus-eng26.xml,date,104
grc.lsj.perseus-eng26.xml,etym,77
grc.lsj.perseus-eng26.xml,abbr,76
grc.lsj.perseus-eng26.xml,tns,69
grc.lsj.perseus-eng26.xml,pron,49
grc.lsj.perseus-eng26.xml,pos,26
grc.lsj.perseus-eng26.xml,mood,14
grc.lsj.perseus-eng26.xml,pb,12
grc.lsj.perseus-eng26.xml,placeName,12
grc.lsj.perseus-eng26.xml,name,6
grc.lsj.perseus-eng26.xml,state,5
grc.lsj.perseus-eng26.xml,resp,4
grc.lsj.perseus-eng26.xml,language,4
grc.lsj.perseus-eng26.xml,respStmt,3
grc.lsj.perseus-eng26.xml,refsDecl,3
grc.lsj.perseus-eng26.xml,publisher,2
grc.lsj.perseus-eng26.xml,pubPlace,2
grc.lsj.perseus-eng26.xml,per,2
grc.lsj.perseus-eng26.xml,number,2
grc.lsj.perseus-eng26.xml,TEI.2,1
grc.lsj.perseus-eng26.xml,teiHeader,1
grc.lsj.perseus-eng26.xml,fileDesc,1
grc.lsj.perseus-eng26.xml,titleStmt,1
grc.lsj.perseus-eng26.xml,sponsor,1
grc.lsj.perseus-eng26.xml,principal,1
grc.lsj.perseus-eng26.xml,funder,1
grc.lsj.perseus-eng26.xml,publicationStmt,1
grc.lsj.perseus-eng26.xml,authority,1
grc.lsj.perseus-eng26.xml,sourceDesc,1
grc.lsj.perseus-eng26.xml,biblStruct,1
grc.lsj.perseus-eng26.xml,monogr,1
grc.lsj.perseus-eng26.xml,imprint,1
grc.lsj.perseus-eng26.xml,idno,1
grc.lsj.perseus-eng26.xml,encodingDesc,1
grc.lsj.perseus-eng26.xml,profileDesc,1
grc.lsj.perseus-eng26.xml,langUsage,1
grc.lsj.perseus-eng26.xml,revisionDesc,1
grc.lsj.perseus-eng26.xml,change,1
grc.lsj.perseus-eng26.xml,item,1
grc.lsj.perseus-eng26.xml,text,1
grc.lsj.perseus-eng26.xml,body,1
grc.lsj.perseus-eng26.xml,div0,1
grc.lsj.perseus-eng26.xml,head,1
grc.lsj.perseus-eng26.xml,num,1
grc.lsj.perseus-eng27.xml,bibl,3598
grc.lsj.perseus-eng27.xml,biblScope,3259
grc.lsj.perseus-eng27.xml,author,2602
grc.lsj.perseus-eng27.xml,title,1672
grc.lsj.perseus-eng27.xml,foreign,1130
grc.lsj.perseus-eng27.xml,cit,1070
grc.lsj.perseus-eng27.xml,quote,1070
grc.lsj.perseus-eng27.xml,tr,1005
grc.lsj.perseus-eng27.xml,sense,716
grc.lsj.perseus-eng27.xml,orth,592
grc.lsj.perseus-eng27.xml,entryFree,480
grc.lsj.perseus-eng27.xml,itype,291
grc.lsj.perseus-eng27.xml,gen,217
grc.lsj.perseus-eng27.xml,gramGrp,194
grc.lsj.perseus-eng27.xml,gram,194
grc.lsj.perseus-eng27.xml,xr,184
grc.lsj.perseus-eng27.xml,lbl,184
grc.lsj.perseus-eng27.xml,ref,184
grc.lsj.perseus-eng27.xml,date,104
grc.lsj.perseus-eng27.xml,abbr,75
grc.lsj.perseus-eng27.xml,tns,75
grc.lsj.perseus-eng27.xml,pos,61
grc.lsj.perseus-eng27.xml,mood,56
grc.lsj.perseus-eng27.xml,etym,51
grc.lsj.perseus-eng27.xml,pron,32
grc.lsj.perseus-eng27.xml,placeName,27
grc.lsj.perseus-eng27.xml,pb,13
grc.lsj.perseus-eng27.xml,name,6
grc.lsj.perseus-eng27.xml,state,5
grc.lsj.perseus-eng27.xml,per,5
grc.lsj.perseus-eng27.xml,number,5
grc.lsj.perseus-eng27.xml,resp,4
grc.lsj.perseus-eng27.xml,language,4
grc.lsj.perseus-eng27.xml,respStmt,3
grc.lsj.perseus-eng27.xml,refsDecl,3
grc.lsj.perseus-eng27.xml,publisher,2
grc.lsj.perseus-eng27.xml,pubPlace,2
grc.lsj.perseus-eng27.xml,hi,2
grc.lsj.perseus-eng27.xml,TEI.2,1
grc.lsj.perseus-eng27.xml,teiHeader,1
grc.lsj.perseus-eng27.xml,fileDesc,1
grc.lsj.perseus-eng27.xml,titleStmt,1
grc.lsj.perseus-eng27.xml,sponsor,1
grc.lsj.perseus-eng27.xml,principal,1
grc.lsj.perseus-eng27.xml,funder,1
grc.lsj.perseus-eng27.xml,publicationStmt,1
grc.lsj.perseus-eng27.xml,authority,1
grc.lsj.perseus-eng27.xml,sourceDesc,1
grc.lsj.perseus-eng27.xml,biblStruct,1
grc.lsj.perseus-eng27.xml,monogr,1
grc.lsj.perseus-eng27.xml,imprint,1
grc.lsj.perseus-eng27.xml,idno,1
grc.lsj.perseus-eng27.xml,encodingDesc,1
grc.lsj.perseus-eng27.xml,profileDesc,1
grc.lsj.perseus-eng27.xml,langUsage,1
grc.lsj.perseus-eng27.xml,revisionDesc,1
grc.lsj.perseus-eng27.xml,change,1
grc.lsj.perseus-eng27.xml,item,1
grc.lsj.perseus-eng27.xml,text,1
grc.lsj.perseus-eng27.xml,body,1
grc.lsj.perseus-eng27.xml,div0,1
grc.lsj.perseus-eng27.xml,head,1
