orig_word_id,reflex,gloss_eng,master_lemma,master_entry_str,new_word_id
7280,antarīpa-,island,antara (अन्तर),"antara (अन्तर) [cf. Goth. anthar, Thema anthara; Lith. antra-s, ‘the second’; Lat. alter].",7278
41188,kakubhá-,"protruding, towering",kubja (कुब्ज),"kubja (कुब्ज) [cf. nyubja (न्युब्ज) and kanya-kubja (कन्य-कुब्ज); cf. also Lith. kupra, kupotas; Gk. κυϕός, κύπτω; Lat. gibbus, gibba, gibber.]",41186
46424,kṣiprá-ḥ,quick,kṣipra (क्षिप्र),[cf. Gk. κραιπνός],46418
80244,nas-ṓḥ,nose,nas (नस्),"nas (नस्) [cf. nāsā (नासा), nāsikā (नासिका); Lat. nas-turcium, nāres; Lith. nósis; Slav. nosǔ; Germ. Nase; Angl.Sax. nosu; Eng. nose, nostril = nose-thrill, nose-hole.]",80243
151564,vip-,"rod, switch",vip (विप्),"vip (विप्) [cf. Lat. vibrare; Goth. weiþan; Germ. wîfen, weifen, Wipfel Eng. whiffle.]",151562
195347,sthálā ,"earthwork, embankment",sthalā (स्थला),"(sthalā́ (स्थला)), a heap of artificially raised earth, mound, TS.",195346
300002,asyā́ḥ,NULL,a (अ),"4. a (अ)   the base of some pronouns and pronom. forms, in asya (अस्य), atra (अत्र), &c.",301312
300002,a-,NULL,a (अ),"4. a (अ)   the base of some pronouns and pronom. forms, in asya (अस्य), atra (अत्र), &c.",301312
300060,ándhaḥ,soma plant,andhas (अन्धस्),"2. andhás (अन्धस्)   n. (Gk. ἄνθος), a herb the śoma (शोम) plant śoma (शोम) juice, RV.; VS. juice, ŚBr. grassy ground, RV. vii, 96, 2 food, MBh. iii, 13244; BhP.",7511
300111,ámīti ,"oppressed, assures urgently, swears",am (अम्),"3. am (अम्)   amati (अमति), to go, L.; to go to or towards, L.; to serve or honour, L.; to sound, L.;  (Imper. Ā. 2. sg. amīṣva (अमीष्व); aor. āmīt (आमीत्); cf. abhy-√ am (अभ्य्-√ अम्)) to fix, render firm, TS.;  (perf. p. acc. sg. emuṣam (एमुषम्) for emivāṃsám (एमिवांसम्)) to be pernicious or dangerous, RV. viii, 77, 10 : Caus. āmayáti (आमयति) (impf. āmáyat (आमयत्); aor. Subj. āmamat (आममत्)) to be afflicted or sick, RV.; AV.; VS. (cf. an-āmayat (अन्-आमयत्)).",302535
300111,ámatē ,oppressed,am (अम्),"3. am (अम्)   amati (अमति), to go, L.; to go to or towards, L.; to serve or honour, L.; to sound, L.;  (Imper. Ā. 2. sg. amīṣva (अमीष्व); aor. āmīt (आमीत्); cf. abhy-√ am (अभ्य्-√ अम्)) to fix, render firm, TS.;  (perf. p. acc. sg. emuṣam (एमुषम्) for emivāṃsám (एमिवांसम्)) to be pernicious or dangerous, RV. viii, 77, 10 : Caus. āmayáti (आमयति) (impf. āmáyat (आमयत्); aor. Subj. āmamat (आममत्)) to be afflicted or sick, RV.; AV.; VS. (cf. an-āmayat (अन्-आमयत्)).",302535
300111,āmáyati,"damages; is defective, sick",am (अम्),"3. am (अम्)   amati (अमति), to go, L.; to go to or towards, L.; to serve or honour, L.; to sound, L.;  (Imper. Ā. 2. sg. amīṣva (अमीष्व); aor. āmīt (आमीत्); cf. abhy-√ am (अभ्य्-√ अम्)) to fix, render firm, TS.;  (perf. p. acc. sg. emuṣam (एमुषम्) for emivāṃsám (एमिवांसम्)) to be pernicious or dangerous, RV. viii, 77, 10 : Caus. āmayáti (आमयति) (impf. āmáyat (आमयत्); aor. Subj. āmamat (आममत्)) to be afflicted or sick, RV.; AV.; VS. (cf. an-āmayat (अन्-आमयत्)).",302535
300329,ḗva- ,"course, walk, custom, usage",eva (एव),"2. evá (एव)   mfn. (√ i (इ)), going, moving, speedy, quick, TBr. iii; Uṇ. evá (एव)   (as (अस्)), m. course, way (generally instr. pl.), RV. the earth, world, VS. xv, 4; 5 [Mahīdh.] a horse, RV. i, 158, 3 [Sāy.] evá (एव)   (ās (आस्)), m. pl. way or manner of acting or proceeding, conduct, habit, usage, custom, RV. evá (एव)   m.",32495
300329,ḗva-,manner,eva (एव),"2. evá (एव)   mfn. (√ i (इ)), going, moving, speedy, quick, TBr. iii; Uṇ. evá (एव)   (as (अस्)), m. course, way (generally instr. pl.), RV. the earth, world, VS. xv, 4; 5 [Mahīdh.] a horse, RV. i, 158, 3 [Sāy.] evá (एव)   (ās (आस्)), m. pl. way or manner of acting or proceeding, conduct, habit, usage, custom, RV. evá (एव)   m.",32495
300332,ēṣ̌á-ḥ,"wish, choice",eṣa (एष),"3. eṣá (एष)   mfn. (fr. √ 3. iṣ (इष्)) ifc. seeking, ŚBr. xiii eṣá (एष)   m. the act of seeking or going after, RV. x, 48, 9 (eṣa (एष)), wish, option, RV. i, 180, 4, (cf. svaī (स्वई)za/)",305454
300548,tará-,"crossing over, overcoming",tara (तर),"2. tará (तर)   mfn. (√ tṝ (तॄ); g. pacā (पचा)di) carrying across or beyond, saving (?, said of Śiva (Śइव)), MBh. xii, 10380 ifc. passing over or beyond, W. ‘surpassing, conquering’, see śoka-tara (शोक-तर) cf. rathaṃtara (रथंतर) excelling, w. tará (तर)   m. crossing, passage, RV. ii, 13, 12; viii, 96, 1; Mn. viii, 404 and 407; Yājñ. (ifc.), MBh. xii tará (तर)   m. (a-tara (अ-तर) mfn. ‘impassable’), Bhaṭṭ. vii, 55 (cf. dus- (दुस्-)) tará (तर)   m. ‘excelling, conquering’, see duṣ-ṭará (दुष्-टर), su-tará (सु-तर), dus- (दुस्-) = -paṇya (-पण्य), Mn. viii, 406 a raft, W. a road, L. N. of a magical spell (against evil spirits supposed to possess certain weapons), R. i, 30, 4 fire, W. N. of a man, Rājat. vii, 809",63270
300746,páyatē ,"swells, is turgid, makes swell, be turgid",pī (पी),"2. pī (पी) or pi (पि)   (connected with √ pyai (प्यै)), cl. 1. Ā. payáte (पयते) (cl. 2. Ā. pr.p. piyā́na (पिया॑न) cl. 3. P. Impv. pīpihī (पीपिही); impf. apī́pet (अपी॑पेत्), apī́payat (अपी॑पयत्); Subj. pipyatam (पिप्यतम्), °tām (°ताम्); pīpayat (पीपयत्) Ā. °yanta (°यन्त), p. Ā. pāpyā́na (पाप्या॑न); pf. P. pīpāyá (पीपाय). 2. sg. pīpetha (पीपेथ), 3. pl. pipyur (पिप्युर्); p. Ā. pīpyāna (पीप्यान)), to swell, overflow, be exuberant, abound, increase, grow;  (trans.) to fatten, cause to swell or be exuberant, surfeit, RV.",96084
300906,rāsatē,gives,rās (रास्),"1. rā (रा) or rās (रास्)   cl. 2. P. (Dhātup. xxiv, 49) rātí (राति॑) (Ved. also Ā. rāte (राते); Impv. rirīhi (रिरीहि), rarāsva (ररास्व), rarīdhvam (ररीध्वम्); p. rarāṇa (रराण); 3. sg. raráte (ररते) and rāsate (रासते); pf. rarima (ररिम), rare (ररे); aor. arā́sma (अरा॑स्म) Subj. rāsát (रासत्) &c. Pot. rāsīya (रासीय); Class. forms are only pr. rāti (राति); fut. rātā (राता), BhP.; rāsyati (रास्यति), Vop., and inf. rā (रा)tave, BhP.), to grant, give, bestow, impart, yield, surrender, RV.; &c.",135773
300953,váyas-,"vital force, youthful vigor, youth",vayas (वयस्),"3. vayás (वयस्)   n. (√ vī (वी)) enjoyment, food, meal, oblation, RV.; AV. (cf. vīti (वीति)) energy (both bodily and mental), strength, health, vigour, power, might, RV.; AV.; VS. (often with bṛhat (बृहत्); with √ dhā (धा) and dat. or loc. of pers. ‘to bestow vigour or might on’) vigorous age, youth, prime of life, any period of life, age, RV. &c. &c. (sarvāṇi vayāṃsi (सर्वाणि वयांसि), animals of any age; vayasā (वयसा)nvita or vayasā (वयसा)tIta, aged, old) degree, kind (in vayāṃsi pra-brūhi (वयांसि प्र-ब्रूहि)), ŚBr.",143581
300989,vāra-,"precious thing, treasure",vāra (वार),"3. vārá (वार)   m. (fr. √ 2. vṛ (वृ)) choice (see vāre-vṛta (वारे-वृत)) anything chosen or choice or exquisite, goods, treasure, RV. (often ifc.; cf. aśasta- (अशस्त-), ṛdhad- (ऋधद्-), dāti-v° (दाति-व्°) &c.) N. of a poet, Cat.",147368
301214,sā́man-,"good conciliatory words, mildness, friendly accommodation",sāman (सामन्),"2. sāmán (सामन्)   n. (m. only in TBr.; prob. connected with √ sāntv (सान्त्व्); accord. to some fr. √ 1. sā (सा); cf. 3. sāman (सामन्)) calming, tranquillizing, (esp.) kind or gentle words for winning an adversary, conciliation, negotiation (one of the 4 ūpāya (ऊप्āय)s or means of success against an enemy, the other 3 being dāna (दान), bheda (भेद), and daṇḍa (दण्ड), qq.vv.; ibc. or instr. sg. and pl., ‘by friendly means or in a friendly way, willingly, voluntarily’), TBr.; &c.",185766
301221,sā́ra-,"pith of a tree (cf. lat. r??bur 'heartwood'), firmness, strength",sāra (सार),"2. sārá (सार)   m. n. (ifc. f(ā (आ)). ; perhaps to be connected with 1. sāra (सार) above; prob. fr. a lost root meaning ‘to be strong’) the core or pith or solid interior of anything, RV. &c. &c. firmness, strength, power, energy, AV. &c. &c. the substance or essence or marrow or cream or heart or essential part of anything, best part, quintessence (ifc. = ‘chiefly consisting of or depending on &c.’ [cf. para (पर)] e.g. dharma-sāraṃ jagat (धर्म-सारं जगत्), ‘the world chiefly depends on justice’; tūṣṇīṃ-sāra (तूष्णीं-सार) mfn. ‘chiefly silent’; sārat sāram (सारत् सारम्), ‘the very best’), AitBr. &c. &c. the real meaning, main point, MW. a compendium, summary, epitome (often ifc. in titles of books) a chief-ingredient or constituent part of the body (causing the peculiarities of temperament; reckoned to be 7, viz. sattva (सत्त्व), śukra (शुक्र), majjan (मज्जन्), asthi (अस्थि), medas (मेदस्), māṃsa (मांस), rakta (रक्त)), Suśr.; VarBṛS. any ingredient, Suśr. nectar, R.; BhP. cream, curds, L. worth, value (eṇa (एण), ‘in consideration of’, ‘according to’), Mn.; Yājñ. &c. wealth, property, goods, riches, Kāv.; Pur.; Rājat. (in rhet.) a kind of climax (uttaro (उत्तरो)ttaram utkarzaH), Sāh.; Kpr. resin used as a perfume, Suśr.; ŚārṅgS. water, Vās. dung, Kṛṣis. the matter formed in a boil or ulcer, pus, MW. impure carbonate of soda, ib. a confederate prince, ally, VarBṛS. (= 1. śāra (शार)) a piece at chess or backgammon &c. sārá (सार)   mf(ā (आ))n. hard, firm solid strong, MBh.; Kāv. &c. precious, valuable, Daś. good, sound, best, excellent, BhP.; Pañcar. sound (as an argument, thoroughly proved), W. full of (instr.), VarBṛS. motley, speckled (= śāra (शार)), Suśr.; Kād.",186253
301299,háva-,invocation,hava (हव),"2. havá (हव)   mfn. (fr. √ hve (ह्वे) or hū (हू); for 1. See p. 1293, col. 2) calling, RV. havá (हव)   m. call, invocation, ib.; AV. direction, order, command, L.",200571
301310,hḗman,in winter,heman (हेमन्),"2. hemán (हेमन्)   (see hima (हिम) and next), winter (only used in loc., ‘in the winter’), TS.; Kāṭh.; ŚBr.",202226
