lemma_id,lemma,sense_num,page_num,type,ipa,orthography,pos,gender,etymology,entry,entry_str,gloss
1,-a,\N,1,main,ɑ,"-a, affixed to words, denotes",,\N,\N,"<div class=""oldenglish bodytext""></div>",\N,\N
1,a,\N,1,main,ɑ,a,prep. acc.,\N,\N,"<div class=""oldenglish bodytext""><I>To, for;</I> in :-- A worlda world <I>to</I> or <I>in an age of ages ;</I> in seculorum seculum, Ps. Th. 18, 8, =on worlda world, Ps. Lamb. 20, 5, = on worulda world, Ps. Th. 103, 6.</div>","To, for; in :-- A worlda world to or in an age of ages ; in seculorum seculum, Ps. Th. 18, 8, =on worlda world, Ps. Lamb. 20, 5, = on worulda world, Ps. Th. 103, 6.","To, for"
1,Á,\N,1,main,á,"Á, aa, aaa",adv.,\N,\N,"<div class=""oldenglish bodytext""><I>ever, for ever;</I> hence the <I>O. Eng.</I> AYE, <I>ever;</I> semper, unquam, usque :-- Ac á sceal ðæt wiðerwearde gemetgian</div><xml_line><I>but ever must the contrary moderate.</I> Bt. 21; Fox 74, 19. Án God á on ecnysse <I>one God to all eternity</I> [lit. <I>one God ever, in eternity</I>], Homl. Th. ii. 22, 32. Á on écnisse <I>usque in æternum,</I> Jos. 4, 7. Ic á ne geseah <I>'I not ever saw' = I never saw,</I> Cd. 19; Th. 24, 10; Gen. 375. Á = ǽfre: Nú, sceal beón á on Ii abbod <I>now, there shall always</I> [<I>ever</I>] <I>be an abbot in Iona,</I> Chr. 565; Th. 33, 2, col. 2. Nu, sceal beón ǽfre on Ií abbod <I>now, there shall ever</I> [<I>alway</I> s] <I>be an abbot in lona,</I> Chr. 565; Th. 32, 11; 33, 4, col. 1. He biþ aa [áá MS.] ymbe ðæt an <I>he is for ever about that one</I> [<I>thing</I>], L. Th. ii. 310, 25. Aa on worulda woruld <I>semper in seculorum seculum,</I> Ps. Th. 105, 37. Nú and aaa [ááá MS.], to worulde búton ǽghwilcum ende <I>now and ever, to a world without any end,</I> Bt. 42; Fox 260, 15. Á world <I>for ever,</I> Ex. 21, 6. Á forþ <I>ever forth, from thence,</I> Bt. Tupr. 303, 31. [The original signification seems to be a flowing, referring to time, which every moment flows on, hence <I>ever, always,</I> also to ǽ, eá <I>flowing water, a river.</I> In Johnston's Index Geog. there are nineteen rivers in Europe with the name of Aa -- Á.]</xml_line>","ever, for ever; hence the O. Eng. AYE, ever; semper, unquam, usque :-- Ac á sceal ðæt wiðerwearde gemetgianbut ever must the contrary moderate. Bt. 21; Fox 74, 19. Án God á on ecnysse one God to all eternity [lit. one God ever, in eternity], Homl. Th. ii. 22, 32. Á on écnisse usque in æternum, Jos. 4, 7. Ic á ne geseah 'I not ever saw' = I never saw, Cd. 19; Th. 24, 10; Gen. 375. Á = ǽfre: Nú, sceal beón á on Ii abbod now, there shall always [ever] be an abbot in Iona, Chr. 565; Th. 33, 2, col. 2. Nu, sceal beón ǽfre on Ií abbod now, there shall ever [alway s] be an abbot in lona, Chr. 565; Th. 32, 11; 33, 4, col. 1. He biþ aa [áá MS.] ymbe ðæt an he is for ever about that one [thing], L. Th. ii. 310, 25. Aa on worulda woruld semper in seculorum seculum, Ps. Th. 105, 37. Nú and aaa [ááá MS.], to worulde búton ǽghwilcum ende now and ever, to a world without any end, Bt. 42; Fox 260, 15. Á world for ever, Ex. 21, 6. Á forþ ever forth, from thence, Bt. Tupr. 303, 31. [The original signification seems to be a flowing, referring to time, which every moment flows on, hence ever, always, also to ǽ, eá flowing water, a river. In Johnston's Index Geog. there are nineteen rivers in Europe with the name of Aa -- Á.]","ever, for ever"
1,á,\N,2,main,á,á,,\N,\N,"<div class=""oldenglish bodytext""></div>",\N,\N
1,aac,\N,2,main,ɑːk,"aac, e",n.,f.,\N,"<div class=""oldenglish bodytext""><I>oak:</I> -- Aac-tún <I>Acton Beauchamp, Worcestershire,</I> Cod. Dipl. 75 ; A. D. 727; Kmbl. i. 90, 19. v. Ác-tún.</div>","oak: -- Aac-tún Acton Beauchamp, Worcestershire, Cod. Dipl. 75 ; A. D. 727; Kmbl. i. 90, 19. v. Ác-tún.",oak:
1,aad,\N,2,main,ɑːd,aad,,\N,\N,"<div class=""oldenglish bodytext""></div>",\N,\N
1,áǽðan,\N,2,main,áǽðɑn,áǽðan,,\N,\N,"<div class=""oldenglish bodytext""></div>",\N,\N
1,aam,\N,2,main,ɑːm,"aam, es",n.,m.,\N,"<div class=""oldenglish bodytext""><I>reed of a weaver's loom.</I> Exon. 109 a; Th. 417, 22 ; Rä. 36, 8; Cod. Lugd. Grn. v. ám.</div>","reed of a weaver's loom. Exon. 109 a; Th. 417, 22 ; Rä. 36, 8; Cod. Lugd. Grn. v. ám.",reed of a weaver's loom.
1,aar,\N,2,main,ɑːr,aar,,\N,\N,"<div class=""oldenglish bodytext""></div>",\N,\N
1,aaþ,\N,2,main,ɑːθ,aaþ,,\N,\N,"<div class=""oldenglish bodytext""></div>",\N,\N
1,a-bacan,\N,2,main,ɑbɑkɑn,"a-bacan, ic -bace, ðú -bæcest, -bæcst, he -bæceþ, -bæcþ, pl. -bacaþ; p. -bóc, pl. -bócon; pp. -bacen",,\N,\N,"<div class=""oldenglish bodytext""></div>",\N,\N
1,a-bád,\N,2,main,ɑbád,a-bád,,\N,\N,"<div class=""oldenglish bodytext""></div>",\N,\N
1,a-bæd,\N,2,main,ɑbæd,"a-bæd, abǽdon",,\N,\N,"<div class=""oldenglish bodytext""></div>",\N,\N
1,a-bǽdan,\N,2,main,ɑbǽdɑn,a-bǽdan; p. -bǽdde; pp. -bǽded,,\N,\N,"<div class=""oldenglish bodytext""></div>",\N,\N
1,a-bæligan,\N,2,main,ɑbæligɑn,a-bæligan; p. ode; pp. od,,\N,\N,"<div class=""oldenglish bodytext""></div>",\N,\N
1,a-bær,\N,2,main,ɑbær,a-bær,,\N,\N,"<div class=""oldenglish bodytext""></div>",\N,\N
1,ABAL,\N,2,main,ɑbɑl,"ABAL, afol, es",n.,n.,\N,"<div class=""oldenglish bodytext""><I>of body, strength;</I> vigor, vires, robur corporis :-- Ðín abal and cræft <I>thy strength and power,</I> Cd. 25; Th. 32, 9; Gen. 500. [<I>Orm.</I> afell: <I>O. H. Ger.</I> aval, <I>n:</I> <I>O. Nrs.</I> afl, <I>n. robur, vis: Goth.</I> abrs <I>strong: Grk. GREEK.</I>]</div>","of body, strength; vigor, vires, robur corporis :-- Ðín abal and cræft thy strength and power, Cd. 25; Th. 32, 9; Gen. 500. [Orm. afell: O. H. Ger. aval, n: O. Nrs. afl, n. robur, vis: Goth. abrs strong: Grk. GREEK.]","of body, strength"
1,a-bannan,\N,2,main,ɑbɑnːɑn,"a-bannan; p. -beónn, pl. -beónnon ; pp. -bannen. I.",,\N,\N,"<div class=""oldenglish bodytext""></div>",\N,\N
1,a-barian,\N,2,main,ɑbɑriɑn,a-barian; p. ede; pp. ed,,\N,"[a, barian to make bare; bær, se bara; adj. bare]","<div class=""oldenglish bodytext""></div>",\N,\N
1,a-bát,\N,2,main,ɑbát,a-bát,,\N,\N,"<div class=""oldenglish bodytext""></div>",\N,\N
1,abbad,\N,2,main,ɑbːɑd,"abbad, abbod, abbud, abbot, es; m: abboda, an",n.,m.,\N,"<div class=""oldenglish bodytext""></div>",\N,\N
1,abbad-dóm,\N,2,main,ɑbːɑddóm,abbad-dóm,,\N,\N,"<div class=""oldenglish bodytext""></div>",\N,\N
1,abbad-hád,\N,2,main,ɑbːɑdhád,abbad-hád,,\N,\N,"<div class=""oldenglish bodytext""></div>",\N,\N
1,abbadisse,\N,2,main,ɑbːɑdisːe,"abbadisse, abbodisse, abbatisse, abbudisse, abedisse, an",n.,f.,"[abbad f. [abbad an abbot, isse a female termination, q. v.]","<div class=""oldenglish bodytext""></div>",\N,\N
1,abbad-ríce,\N,2,main,ɑbːɑdríke,abbad-ríce,,\N,\N,"<div class=""oldenglish bodytext""></div>",\N,\N
1,Abban dún,\N,2,main,ɑbːɑn dún,"Abban dún, e",n.,f.,\N,"<div class=""oldenglish bodytext""><I>in Berkshire,</I> Chr. 985; Ing. 167, 5. v. Æbban dún.</div>","in Berkshire, Chr. 985; Ing. 167, 5. v. Æbban dún.",in Berkshire
1,abbod,\N,2,main,ɑbːod,abbod,,\N,\N,"<div class=""oldenglish bodytext""></div>",\N,\N
1,abboda,\N,2,main,ɑbːodɑ,"abboda, an",n.,m.,\N,"<div class=""oldenglish bodytext""><I>abbot;</I> abbas :-- Swá gebireþ abbodan <I>as becometh abbots,</I> L. I. P. 13; Th. ii. 320, 35. v. abbad.</div>","abbot; abbas :-- Swá gebireþ abbodan as becometh abbots, L. I. P. 13; Th. ii. 320, 35. v. abbad.",abbot
1,abbod-ríce,\N,2,main,ɑbːodríke,"abbod-ríce, abbot-ríce, es",n.,n.,\N,"<div class=""oldenglish bodytext""><I>rule of an abbot, an abbacy;</I> abbatia :-- On his tíme wæx ðæt abbodríce swíðe ríce <I>in his time the abbacy waxed very rich,</I> Chr. 656; Ing. 41, l. On ðis abbotríce <I>in this abbacy,</I> Chr. 675; Ing. 51, 12.</div>","rule of an abbot, an abbacy; abbatia :-- On his tíme wæx ðæt abbodríce swíðe ríce in his time the abbacy waxed very rich, Chr. 656; Ing. 41, l. On ðis abbotríce in this abbacy, Chr. 675; Ing. 51, 12.","rule of an abbot, an abbacy"
1,abbodyase,\N,2,main,ɑbːodyɑze,abbodyase,,\N,\N,"<div class=""oldenglish bodytext""></div>",\N,\N
1,abbot,\N,2,main,ɑbːot,abbot,,\N,\N,"<div class=""oldenglish bodytext""></div>",\N,\N
1,abbud,\N,2,main,ɑbːud,abbud,,\N,\N,"<div class=""oldenglish bodytext""></div>",\N,\N
1,abbud-dóm,\N,2,main,ɑbːuddóm,"abbud-dóm, es",n.,m.,"[ = abbod-ríce, m, [ = abbod-ríce, q. v.]","<div class=""oldenglish bodytext""></div>",\N,\N
1,abbud-hád,\N,2,main,ɑbːudhád,"abbud-hád, es",n.,m.,\N,"<div class=""oldenglish bodytext""><I>state</I> or <I>dignity of an abbot;</I> abbatis dignitas :-- Munuchád and abbudhád ne syndon getealde to ðysum getele <I>monkhood and abbothood are not reckoned in this number,</I> L. Ælf. C. 18; Th. ii. 348, 31.</div>","state or dignity of an abbot; abbatis dignitas :-- Munuchád and abbudhád ne syndon getealde to ðysum getele monkhood and abbothood are not reckoned in this number, L. Ælf. C. 18; Th. ii. 348, 31.",state
1,abbudisse,\N,2,main,ɑbːudisːe,"abbudisse, an",n.,m.,\N,"<div class=""oldenglish bodytext""><I>abbess</I> :-- Ða sealde seó abbudisse him sumne dǽl ðære moldan <I>tunc dedit ei abbatissa portiunculam de pulvere illo,</I> Bd. 3, 11; S. 536, 38. v. abbadisse.</div>","abbess :-- Ða sealde seó abbudisse him sumne dǽl ðære moldan tunc dedit ei abbatissa portiunculam de pulvere illo, Bd. 3, 11; S. 536, 38. v. abbadisse.",abbess
1,a-beág,\N,2,main,ɑbeág,a-beág,,\N,\N,"<div class=""oldenglish bodytext""></div>",\N,\N
1,a-bealh,\N,2,main,ɑbæːɑɫh,a-bealh,,\N,\N,"<div class=""oldenglish bodytext""></div>",\N,\N
1,a-beátan,\N,2,main,ɑbeátɑn,a-beátan; p. -beót; pp. -beáten,,\N,\N,"<div class=""oldenglish bodytext""></div>",\N,\N
1,a-beden,\N,2,main,ɑbeden,a-beden,,\N,\N,"<div class=""oldenglish bodytext""></div>",\N,\N
1,abedisse,\N,2,main,ɑbedisːe,"abedisse, an",n.,f.,\N,"<div class=""oldenglish bodytext""><I>abbess;</I> abbatissa :-- Ðære abedissan betæhton <I>committed to the abbess,</I> Chr. 1048; Erl. 181, 28. v. abbadisse.</div>","abbess; abbatissa :-- Ðære abedissan betæhton committed to the abbess, Chr. 1048; Erl. 181, 28. v. abbadisse.",abbess
1,a-began,\N,2,main,ɑbegɑn,a-began; p. de; pp. ed,v. trans.,\N,\N,"<div class=""oldenglish bodytext""><I>bend, bend down, bow, reduce, subdue;</I> incurvare, redigere, subigere :-- Weorþe heora bæc swylce abéged eác <I>dorsum illorum semper incurva,</I> Ps. Th. 68, 24: Chr. 1073; Erl. 212, 1: 1087; Th. 356, 10. v. bégan.</div>","bend, bend down, bow, reduce, subdue; incurvare, redigere, subigere :-- Weorþe heora bæc swylce abéged eác dorsum illorum semper incurva, Ps. Th. 68, 24: Chr. 1073; Erl. 212, 1: 1087; Th. 356, 10. v. bégan.","bend, bend down, bow, reduce, subdue"
1,a-bégendlíc,\N,2,main,ɑbégendlík,a-bégendlíc,adj.,\N,\N,"<div class=""oldenglish bodytext""></div>",\N,\N
1,a-behófian,\N,2,main,ɑbeçófiɑn,a-behófian; p. ode,,\N,\N,"<div class=""oldenglish bodytext""></div>",\N,\N
1,a-belgan,\N,2,main,ɑbeɫgɑn,"a-belgan, ic -beige, ðú -bilgst, -bilhst, he -bylgþ, -bilhþ, pl. -belgaþ; p. -bealg, -bealh, pl. -bulgon; pp. -bolgen",v. trans.,\N,"[a, belgan v. trans. [a, belgan to irritate]","<div class=""oldenglish bodytext""></div>",\N,\N
1,a-beódan,\N,2,main,ɑbeódɑn,a-beódan; p. -beád; pp. -boden,v. a.,\N,"[a, beódan v. a. [a, beódan to order]","<div class=""oldenglish bodytext""></div>",\N,\N
1,edicere,\N,3,main,edikere,"edicere, oflerre, jubere :-- Ðæt he wolde ðæt ǽrende abeódan",,\N,\N,"<div class=""oldenglish bodytext""></div>",\N,\N
1,a-beoflan,\N,3,main,ɑbeoflɑn,a-beoflan,,\N,\N,"<div class=""oldenglish bodytext""></div>",\N,\N
1,a-beornan,\N,3,main,ɑbeorˠnɑn,"a-beornan; p. -bearn, -barn, pl. -burnon; pp. -bornen",v. intrans.,\N,\N,"<div class=""oldenglish bodytext""><I>bvrn;</I> exardere :-- Fyr abarn <I>exarsit ignis,</I> Ps. Th. 105,16. v. beornan.</div>","bvrn; exardere :-- Fyr abarn exarsit ignis, Ps. Th. 105,16. v. beornan.",bvrn
1,a-beran,\N,3,main,ɑberɑn,a-beran; p. -bær; pp. -boren. I.,,\N,\N,"<div class=""oldenglish bodytext""></div>",\N,\N
1,a-berd,\N,3,main,ɑberˠd,"a-berd, -bered",adj.,\N,\N,"<div class=""oldenglish bodytext""><I>crafty, cunning;</I> callidus. Wrt. Voc. 47, 36: Lchdm, iii. 192, 10; 188, 26: 186,17.</div>","crafty, cunning; callidus. Wrt. Voc. 47, 36: Lchdm, iii. 192, 10; 188, 26: 186,17.","crafty, cunning"
1,a-berend-líc,\N,3,main,ɑberendlík,a-berend-líc j,adj.,\N,[berende adj. [berende bearing],"<div class=""oldenglish bodytext""></div>",\N,\N
1,a-berstan,\N,3,main,ɑberˠstɑn,"a-berstan; p. -bearst, pl. -burston; pp. -borsten",,\N,"[a, berstan]","<div class=""oldenglish bodytext""></div>",\N,\N
1,a-bet,\N,3,main,ɑbet,a-bet,adv.,\N,\N,"<div class=""oldenglish bodytext""></div>",\N,\N
1,a-beþecian,\N,3,main,ɑbeðekiɑn,a-beþecian; subj. ðú abeþecige; p. ode; pp. od,,\N,"[be, þeccan to cover]","<div class=""oldenglish bodytext""></div>",\N,\N
1,a-bicgan,\N,3,main,ɑbikgɑn,a-bicgan; p. -bohte; pp. boht,v. a.,\N,"[a, bycgan v. a. [a, bycgan to buy]","<div class=""oldenglish bodytext""></div>",\N,\N
1,a-bídan,\N,3,main,ɑbídɑn,"a-bídan, ic -bíde, ðú -bídest, -bítst, -bíst, he -bídeþ, -bít, pl. -bídaþ; p. -bád, pl. -bidon; pp. -biden",v. intrans.,\N,\N,"<div class=""oldenglish bodytext""></div>",\N,\N
1,a-biddan,\N,3,main,ɑbidːɑn,"a-biddan, ic -bidde, ðú -bidest, -bitst, he -bit, -byt, -bitt, pl. -biddaþ; p. -bæd, pl. -bǽdon; pp. -beden",,\N,\N,"<div class=""oldenglish bodytext""></div>",\N,\N
1,a-biflan,\N,3,main,ɑbiflɑn,"a-biflan, -bifigan; p. ode, ede; pp. od, ed",,\N,\N,"<div class=""oldenglish bodytext""></div>",\N,\N
1,a-bilgþ,\N,3,main,ɑbiɫgθ,"a-bilgþ, a-bilhþ",,\N,\N,"<div class=""oldenglish bodytext""></div>",\N,\N
1,a-biran,\N,3,main,ɑbirɑn,a-biran,,\N,\N,"<div class=""oldenglish bodytext""></div>",\N,\N
1,a-bísegien,\N,3,main,ɑbísegien,a-bísegien,,\N,\N,"<div class=""oldenglish bodytext""></div>",\N,\N
1,a-bit,\N,3,main,ɑbit,a-bit,,\N,\N,"<div class=""oldenglish bodytext""></div>",\N,\N
1,a-bítan,\N,3,main,ɑbítɑn,"a-bítan, ic -bíte, ðú -bítest, -bítst, he -bíteþ, -bit, pl. -bítaþ; p. -bát, pl. -biton; pp. -biten",v. a.,\N,\N,"<div class=""oldenglish bodytext""><I>bite, eat, consume, devour;</I> mordere, arrodere, mordendo necare, comedere, devorare :-- Gif hit wíldeór abítaþ, bere forþ ðæt abitene and ne agife <I>si comestum a bestia, deferat ad eum quod occisum est, et non restituet,</I> Ex. 22,13. He abát his suna <I>he ate his children.</I> Salm. Kmbl. p. 121,15. Ðæt se wód-freca were-wulf tó fela ne abíte of godcundre heorde <I>that the ferocious man-wolf devour not too many of the spiritual flock,</I> L. I. P. 6; Th. ii. 310, 31. Míne scép sind abitene <I>my sheep are devoured.</I> Homl. Th. i. 242, IO. Ðú his ne abítst <I>non comedas ex eo.</I> Deut. 28, 31. v. bítan.</div>","bite, eat, consume, devour; mordere, arrodere, mordendo necare, comedere, devorare :-- Gif hit wíldeór abítaþ, bere forþ ðæt abitene and ne agife si comestum a bestia, deferat ad eum quod occisum est, et non restituet, Ex. 22,13. He abát his suna he ate his children. Salm. Kmbl. p. 121,15. Ðæt se wód-freca were-wulf tó fela ne abíte of godcundre heorde that the ferocious man-wolf devour not too many of the spiritual flock, L. I. P. 6; Th. ii. 310, 31. Míne scép sind abitene my sheep are devoured. Homl. Th. i. 242, IO. Ðú his ne abítst non comedas ex eo. Deut. 28, 31. v. bítan.","bite, eat, consume, devour"
1,a-biterian,\N,3,main,ɑbiteriɑn,"a-biterian, -bitrian; p. ode; pp. od",,\N,\N,"<div class=""oldenglish bodytext""></div>",\N,\N
1,a-bi-tweónum,\N,3,main,ɑbitweónum,a-bi-tweónum,prep. dat.,\N,\N,"<div class=""oldenglish bodytext""><I>Between;</I> inter :-- Ic wiht geseah horna abitweónum [homum bitweónum, Grn; Th.] húðe lǽjdan <I>I saw a creature bringing spoil between its horns</I>, Exon. 107b; Th. 411, 19; Rä. 30, 2. [<I>Sansk,</I> abhi; <I>Zend</I> aibi.] v. bi-tweónum.</div>","Between; inter :-- Ic wiht geseah horna abitweónum [homum bitweónum, Grn; Th.] húðe lǽjdan I saw a creature bringing spoil between its horns, Exon. 107b; Th. 411, 19; Rä. 30, 2. [Sansk, abhi; Zend aibi.] v. bi-tweónum.",Between
1,a-blácian,\N,3,main,ɑblákiɑn,"a-blácian, -blácigan; p. ode; pp. od",,\N,\N,"<div class=""oldenglish bodytext""></div>",\N,\N
1,a-blǽcan,\N,3,main,ɑblǽkɑn,a-blǽcan; p. -blǽhte; pp. -blǽht,,\N,"[a, blǽcan to bleach]","<div class=""oldenglish bodytext""></div>",\N,\N
1,a-blǽcnes,\N,3,main,ɑblǽknes,"a-blǽcnes, -ness, e",n.,f.,\N,"<div class=""oldenglish bodytext""><I>paleness, gloom;</I> pallor, Herb. 164; Lchdm. i. 294, 3, note 6. v. æ-blǽcnys.</div>","paleness, gloom; pallor, Herb. 164; Lchdm. i. 294, 3, note 6. v. æ-blǽcnys.","paleness, gloom"
1,a-blændan,\N,3,main,ɑblændɑn,a-blændan,,\N,\N,"<div class=""oldenglish bodytext""></div>",\N,\N
1,a-blann,\N,3,main,ɑblɑnː,a-blann,,\N,\N,"<div class=""oldenglish bodytext""></div>",\N,\N
1,a-bláwan,\N,3,main,ɑbláwɑn,a-bláwan; p. -bleów; pp. -bláwen,,\N,\N,"<div class=""oldenglish bodytext""></div>",\N,\N
1,a-blawung,\N,3,main,ɑblɑwuŋg,"a-blawung, e",n.,f.,\N,"<div class=""oldenglish bodytext""><I>blowing,</I> v. bláwung.</div>","blowing, v. bláwung.",blowing
1,a-blend,\N,3,main,ɑblend,"a-blend, se a-blenda",adj.,\N,\N,"<div class=""oldenglish bodytext""></div>",\N,\N
1,a-blendan,\N,3,main,ɑblendɑn,"a-blendan; p. -blende, pl. -blendon; pp. -blended, -blend",v. a.,\N,\N,"<div class=""oldenglish bodytext""><I>blind, make blind, darken, stupify;</I> cæcare :-- Ða gyldenan stánas ablendaþ ðæs módes eágan <I>the golden stones blind the mind's eyes,</I> Bt. 34, 8; Fox 144, 34. Swá bióþ ablend so <I>are blinded,</I> 38, 5; Fox 206, I. Ic sýne ablende bealo-þoncum <I>I blinded their sight by baleful thoughts,</I> Exon.72b; Th. 270, 22; Jul, 469. He ablende hyra eágan <I>excæcavit oculos eorum.</I> Jn. Bos. 12, 40. Ablended in burgum <I>blinded as l am in these dwellings,</I> Andr. Kmbl. 155; An. 78. Wæs ablend <I>was blinded,</I> Mk. Bos. 6, 52 : Num. 14, 44. v. blendan.</div>","blind, make blind, darken, stupify; cæcare :-- Ða gyldenan stánas ablendaþ ðæs módes eágan the golden stones blind the mind's eyes, Bt. 34, 8; Fox 144, 34. Swá bióþ ablend so are blinded, 38, 5; Fox 206, I. Ic sýne ablende bealo-þoncum I blinded their sight by baleful thoughts, Exon.72b; Th. 270, 22; Jul, 469. He ablende hyra eágan excæcavit oculos eorum. Jn. Bos. 12, 40. Ablended in burgum blinded as l am in these dwellings, Andr. Kmbl. 155; An. 78. Wæs ablend was blinded, Mk. Bos. 6, 52 : Num. 14, 44. v. blendan.","blind, make blind, darken, stupify"
1,a-bleoton,\N,3,main,ɑbleoton,a-bleoton,,\N,\N,"<div class=""oldenglish bodytext""></div>",\N,\N
1,a-bleów,\N,3,main,ɑbleów,a-bleów,,\N,\N,"<div class=""oldenglish bodytext""></div>",\N,\N
1,a-blican,\N,3,main,ɑblikɑn,"a-blican; p. -blác, pl. -blicon; pp. -blicen",v. n.,\N,\N,"<div class=""oldenglish bodytext""><I>shine, shine forth, to appear, glitter, to be white, to astonish, amaze;</I> dealbari, micare :-- Sóþ-líce on rihtwísnysse ic ablíce <I>ego autem in justitia apparebo</I> [<I>micabo</I>], Ps. Spl. T. 16, 17. Ofer snáw ic beó ablicen <I>super nivem dealbabor,</I> Ps. Spl. 50, 8.</div>","shine, shine forth, to appear, glitter, to be white, to astonish, amaze; dealbari, micare :-- Sóþ-líce on rihtwísnysse ic ablíce ego autem in justitia apparebo [micabo], Ps. Spl. T. 16, 17. Ofer snáw ic beó ablicen super nivem dealbabor, Ps. Spl. 50, 8.","shine, shine forth, to appear, glitter, to be white, to astonish, amaze"
1,a-blicgan,\N,3,main,ɑblikgɑn,a-blicgan; p. ede; pp. ed,,\N,\N,"<div class=""oldenglish bodytext""></div>",\N,\N
1,a-blignys,\N,3,main,ɑblignys,"a-blignys, -nyss, e",n.,f.,\N,"<div class=""oldenglish bodytext""><I>offence,</I> v. a-bylgnes.</div>","offence, v. a-bylgnes.",offence
1,a-blindan,\N,3,main,ɑblindɑn,a-blindan,,\N,\N,"<div class=""oldenglish bodytext""></div>",\N,\N
1,a-blinnan,\N,3,main,ɑblinːɑn,"a-blinnan; p. -blann, pl. -blunnon; pp. -blunnen",,\N,\N,"<div class=""oldenglish bodytext""></div>",\N,\N
1,a-blísian,\N,3,main,ɑblísiɑn,a-blísian; p. ode; pp. od,,\N,\N,"<div class=""oldenglish bodytext""></div>",\N,\N
1,a-blótan,\N,3,main,ɑblótɑn,"a-blótan; p. -bleót, pl. -bleóton; pp. -blóten",,\N,\N,"<div class=""oldenglish bodytext""></div>",\N,\N
1,a-blýsgung,\N,3,main,ɑblýsguŋg,"a-blýsgung, -blýsung, e",n.,f.,\N,"<div class=""oldenglish bodytext""><I>redness of confusion, shame;</I> pudor, R. Ben. 73.</div>","redness of confusion, shame; pudor, R. Ben. 73.","redness of confusion, shame"
1,a-boden,\N,3,main,ɑboden,a-boden,,\N,\N,"<div class=""oldenglish bodytext""></div>",\N,\N
1,a-bogen,\N,3,main,ɑbogen,a-bogen,,\N,\N,"<div class=""oldenglish bodytext""></div>",\N,\N
1,a-boht,\N,3,main,ɑboxt,a-boht,,\N,\N,"<div class=""oldenglish bodytext""></div>",\N,\N
1,a-bolgen,\N,3,main,ɑboɫgen,a-bolgen,,\N,\N,"<div class=""oldenglish bodytext""></div>",\N,\N
1,a-boren,\N,3,main,ɑboren,a-boren,,\N,\N,"<div class=""oldenglish bodytext""></div>",\N,\N
1,a-borgian,\N,3,main,ɑborˠgiɑn,a-borgian; p. ode; pp. od,,\N,\N,"<div class=""oldenglish bodytext""></div>",\N,\N
1,a-bracian,\N,3,main,ɑbrɑkiɑn,a-bracian,,\N,\N,"<div class=""oldenglish bodytext""></div>",\N,\N
1,a-bradwian,\N,3,main,ɑbrɑdwiɑn,a-bradwian,,\N,\N,"<div class=""oldenglish bodytext""></div>",\N,\N
1,a-bræc,\N,3,main,ɑbræk,a-bræc,,\N,\N,"<div class=""oldenglish bodytext""></div>",\N,\N
1,a-bræd,\N,3,main,ɑbræd,"a-bræd, -brægd",,\N,\N,"<div class=""oldenglish bodytext""></div>",\N,\N
1,a-breátan,\N,3,main,ɑbreátɑn,"a-breátan; p. -breót, pl. -breóton",,\N,\N,"<div class=""oldenglish bodytext""></div>",\N,\N
1,a-brecan,\N,3,main,ɑbrekɑn,"a-brecan, ic -brece, ðu -bricst, he -bricþ; p. -bræc, pl. -brǽcon; pp. -brocen",,\N,\N,"<div class=""oldenglish bodytext""></div>",\N,\N
1,a-bredan,\N,3,main,ɑbredɑn,"a-bredan, he -brit =-brideþ, -bret=-bredeþ; p. -bræd, pl. -brudon; pp. -broden",v. a.,\N,\N,"<div class=""oldenglish bodytext""><I>move quickly, remove, draw, withdraw;</I> vibrare, destringere, eximere, retrahere :-- Abræd hys swurd, <I>exemit gladium suum,</I> Mt. Bos. 26, 51. Gif God abrit <I>if God remove,</I> Bt. 39, 3; Fox</div><xml_line>216, 5. Of móde abrit ðæt micle dysig <I>he removes from his mind that great ignorance.</I> Bt. Met. Fox 28, 155; Met. 28, 78. Hond up abræd <I>he raised his hand,</I> Beo. Th. 5144; B. 2575. Lár Godes is abroden of breóstum <I>the knowledge of God is withdrawn from your breasts,</I> Cd. 156; Th. 194, 31; Exod. 269. v. bredan.</xml_line>","move quickly, remove, draw, withdraw; vibrare, destringere, eximere, retrahere :-- Abræd hys swurd, exemit gladium suum, Mt. Bos. 26, 51. Gif God abrit if God remove, Bt. 39, 3; Fox216, 5. Of móde abrit ðæt micle dysig he removes from his mind that great ignorance. Bt. Met. Fox 28, 155; Met. 28, 78. Hond up abræd he raised his hand, Beo. Th. 5144; B. 2575. Lár Godes is abroden of breóstum the knowledge of God is withdrawn from your breasts, Cd. 156; Th. 194, 31; Exod. 269. v. bredan.","move quickly, remove, draw, withdraw"
1,a-bredwian,\N,4,main,ɑbredwiɑn,a-bredwian; p. ade; pp. ad,,\N,[abradwade Th.],"<div class=""oldenglish bodytext""></div>",\N,\N
1,a-brégan,\N,4,main,ɑbrégɑn,a-brégan; p. de; pp. ed,,\N,\N,"<div class=""oldenglish bodytext""></div>",\N,\N
1,a-bregdan,\N,4,main,ɑbregdɑn,"a-bregdan; p. -brægd, pl. -brugdon; pp. -brogden",,\N,\N,"<div class=""oldenglish bodytext""></div>",\N,\N
1,á-brémende,\N,4,main,ábrémende,á-brémende,,\N,\N,"<div class=""oldenglish bodytext""></div>",\N,\N
1,a-breótan,\N,4,main,ɑbreótɑn,"a-breótan; p. -breát, pl. -bruton; pp. -broten",,\N,\N,"<div class=""oldenglish bodytext""></div>",\N,\N
1,a-breóðan,\N,4,main,ɑbreóðɑn,"a-breóðan; p. -breáþ, pl. -bruðon; pp. -broðen",,\N,\N,"<div class=""oldenglish bodytext""></div>",\N,\N
1,abret,\N,4,main,ɑbret,"abret, abrit",,\N,\N,"<div class=""oldenglish bodytext""></div>",\N,\N
1,a-brocen,\N,4,main,ɑbroken,a-brocen,,\N,\N,"<div class=""oldenglish bodytext""></div>",\N,\N
1,a-broden,\N,4,main,ɑbroden,"a-broden, a-brogden",,\N,\N,"<div class=""oldenglish bodytext""></div>",\N,\N
1,abrotanum,\N,4,main,ɑbrotɑnum,abrotanum =,,\N,\N,"<div class=""oldenglish bodytext""></div>",\N,\N
1,a-broten,\N,4,main,ɑbroten,a-broten ?,,\N,\N,"<div class=""oldenglish bodytext""></div>",\N,\N
1,a-broðen,\N,4,main,ɑbroðen,a-broðen,,\N,\N,"<div class=""oldenglish bodytext""></div>",\N,\N
1,a-brocteunea,\N,4,main,ɑbrokteunæːɑ,"a-brocteunea, -ness",,\N,\N,"<div class=""oldenglish bodytext""></div>",\N,\N
1,a-brugdon,\N,4,main,ɑbrugdon,a-brugdon,,\N,\N,"<div class=""oldenglish bodytext""></div>",\N,\N
1,a-brytan,\N,4,main,ɑbrytɑn,a-brytan; p. -brytte; pp. -brytt,,\N,\N,"<div class=""oldenglish bodytext""></div>",\N,\N
1,a-búfan,\N,4,main,ɑbúfɑn,a-búfan,adv.,\N,[a + be + ufan],"<div class=""oldenglish bodytext""></div>",\N,\N
1,a-bugan,\N,4,main,ɑbugɑn,"a-bugan; p. -beág, -beáh, pl. -bugon; pp. -bogen",,\N,\N,"<div class=""oldenglish bodytext""></div>",\N,\N
1,a-butan,\N,4,main,ɑbutɑn,"a-butan, -bflton",adv.,\N,\N,"<div class=""oldenglish bodytext""></div>",\N,\N
1,a-bycgan,\N,4,main,ɑbykgɑn,"a-bycgan, -bicgan; p. -bohte, pl. -bohton; pp. -boht",,\N,"[a, bycgan to buy, procure]","<div class=""oldenglish bodytext""></div>",\N,". I. to buy, pay for"
1,a-byffan,\N,4,main,ɑbyfːɑn,a-byffan; p. ode; pp. od,,\N,\N,"<div class=""oldenglish bodytext""></div>",\N,\N
1,a-bygan,\N,4,main,ɑbygɑn,a-bygan,v. trans.,\N,\N,"<div class=""oldenglish bodytext""><I>bow, bend;</I> incurvare, Grm, ii. 826. v. a-began.</div>","bow, bend; incurvare, Grm, ii. 826. v. a-began.","bow, bend"
1,a-býgendlíc,\N,4,main,ɑbýgendlík,a-býgendlíc,adj.,\N,\N,"<div class=""oldenglish bodytext""><I>flexible;</I> flexibilis. DER. un-abýgendlíc.</div>",flexible; flexibilis. DER. un-abýgendlíc.,flexible
1,a-bylgan,\N,4,main,ɑbyɫgɑn,"a-bylgan, -byligan, -bylgean; p. de; pp. ed To",,\N,[MS. -dan],"<div class=""oldenglish bodytext""></div>",\N,\N
1,a-bylg-nes,\N,4,main,ɑbyɫgnes,"a-bylg-nes, æ-bylig-nes, æ-bylig-nys, -ness, e",n.,f.,[abylgan f. [abylgan to offend],"<div class=""oldenglish bodytext""></div>",\N,"An offence, scandal, anger, wrath, indignation"
1,a-bylgp,\N,4,main,ɑbyɫgp,"a-bylgp, -bilgþ, -bilhþ",,\N,\N,"<div class=""oldenglish bodytext""></div>",\N,\N
1,a-byligd,\N,4,main,ɑbyligd,"a-byligd, e",n.,f.,\N,"<div class=""oldenglish bodytext""></div>",\N,\N
1,a-byrgan,\N,4,main,ɑbyrˠgɑn,"a-byrgan, -byrgean, -byrian",,\N,\N,"<div class=""oldenglish bodytext""></div>",\N,\N
1,a-býsgian,\N,4,main,ɑbýsgiɑn,"a-býsgian, -býsgan, -býsean, -bisegian; p. ode, ade; pp. od, ad",,\N,"[a, býsgian to ÍKsy]","<div class=""oldenglish bodytext""></div>",\N,\N
1,a-bysgung,\N,4,main,ɑbysguŋg,"a-bysgung, -btsgung, e",n.,f.,\N,"<div class=""oldenglish bodytext""><I>business, employment;</I> occupatio. Past. 18, i; Hat. MS. 25a, 27, 29, 30.</div>","business, employment; occupatio. Past. 18, i; Hat. MS. 25a, 27, 29, 30.","business, employment"
1,a-bywan,\N,4,main,ɑbywɑn,a-bywan; p. de; pp. ed,v. trans.,\N,\N,"<div class=""oldenglish bodytext""><I>adorn, purify, clarify;</I> exomare, purgare :-- Beóþ monna gǽstas beorhte abýwde þurh bryne fýres <I>the souls of men are brightly adorned [clarified] through the fire's heat,</I> Exon. 63 b; Th. 234, 24; Ph. 545. v. býwan.</div>","adorn, purify, clarify; exomare, purgare :-- Beóþ monna gǽstas beorhte abýwde þurh bryne fýres the souls of men are brightly adorned [clarified] through the fire's heat, Exon. 63 b; Th. 234, 24; Ph. 545. v. býwan.","adorn, purify, clarify"
1,AC,\N,4,main,ɑk,"AC, ach, ah, oc",,\N,\N,"<div class=""oldenglish bodytext""></div>",\N,\N
1,ac,\N,4,main,ɑk,ac,adv.,\N,\N,"<div class=""oldenglish bodytext""><I>Why, whether;</I> nonne, numquid :-- <I>Da</I> du geho-godest sæcce sécean, ac ðú gebettest mǽrum þeódne <I>when thow re"" solvedst to seek warfare, hadst thou compensated the great prince</I> ? Beo. Kmbl. 3976; B. 1990. Ac [ah MS.] ætfileþ ðé seld unrihtwísnesse <I>numquid adnaret tibi sedes iniquitatis 1</I> Ps. Surt. 93, 20. Ac hwá démeþ <I>who shall judge?</I> Salm. Kmbl. 669; Sal. 334. Ac forhwon fealleþ se snaw <I>why falleth the snow?</I> 603; Sal. 301.</div>","Why, whether; nonne, numquid :-- Da du geho-godest sæcce sécean, ac ðú gebettest mǽrum þeódne when thow re"" solvedst to seek warfare, hadst thou compensated the great prince ? Beo. Kmbl. 3976; B. 1990. Ac [ah MS.] ætfileþ ðé seld unrihtwísnesse numquid adnaret tibi sedes iniquitatis 1 Ps. Surt. 93, 20. Ac hwá démeþ who shall judge? Salm. Kmbl. 669; Sal. 334. Ac forhwon fealleþ se snaw why falleth the snow? 603; Sal. 301.","Why, whether"
1,ac-,\N,4,main,ɑk,ac-,,\N,\N,"<div class=""oldenglish bodytext"">v. ag-, ag-lǽca, ah-, ah-lǽca.</div>","v. ag-, ag-lǽca, ah-, ah-lǽca.","v. ag-, ag-lǽca, ah-, ah-lǽca."
1,AC,\N,4,main,ɑk,"AC, íéc",,\N,\N,"<div class=""oldenglish bodytext""></div>",\N,\N
1,112,\N,4,main,1ː2,"112 a; Th. 429, 26; Ru. 43,10.",,\N,\N,"<div class=""oldenglish bodytext""></div><xml_line><I>O. Frs.</I> Sfc: <I>Dut.</I> eek, eik: <I>JVorth Frs.</I> ik: <I>L. Ger.</I> eke: <I>N. Ger.</I> eiche: <I>M. Ger.</I> eich: <I>O. Ger.</I> cin: <I>Dan.</I> eg: <I>Swed,</I> ek: 0. <I>Nrs.</I> eik. <I>Grn.</I> starting from <I>Goth,</I> ayuk in aiw-dup, i.e. aiw-k-dup nis <I>rev atom,</I> supposes a</xml_line><xml_line>form ayuks, contracted to áiks, the equivalent of which would be <I>ac,</I></xml_line><xml_line>which would, therefore, indicate a tree of long durability.]</xml_line>","\NO. Frs. Sfc: Dut. eek, eik: JVorth Frs. ik: L. Ger. eke: N. Ger. eiche: M. Ger. eich: O. Ger. cin: Dan. eg: Swed, ek: 0. Nrs. eik. Grn. starting from Goth, ayuk in aiw-dup, i.e. aiw-k-dup nis rev atom, supposes aform ayuks, contracted to áiks, the equivalent of which would be ac,which would, therefore, indicate a tree of long durability.]",\N
1,a-cægan,\N,4,main,ɑkægɑn,a-cægan,,\N,\N,"<div class=""oldenglish bodytext""></div>",\N,\N
1,a-cænned,\N,4,main,ɑkænːed,a-cænned = a-cenned,,\N,\N,"<div class=""oldenglish bodytext""></div>",\N,\N
1,a-cænnednys,\N,4,main,ɑkænːednys,"a-cænnednys, -cænnys",,\N,\N,"<div class=""oldenglish bodytext""></div>",\N,\N
1,a-cærran,\N,5,main,ɑkærˠɑn,a-cærran,,\N,\N,"<div class=""oldenglish bodytext""></div>",\N,\N
1,a-calan,\N,5,main,ɑkɑlɑn,"a-calan; p. -cól, pl. -cólon",,\N,\N,"<div class=""oldenglish bodytext""></div>",\N,\N
1,ACAN,\N,5,main,ɑkɑn,"ACAN; ic ace, ðú æcest, æcst, he æceþ, æcþ, pl. acaþ; p. óc, pl. ócon; subj. ic, ðú, he ace; pp. acen",v. n.,\N,\N,"<div class=""oldenglish bodytext""></div>",\N,\N
1,Ácan-tún,\N,5,main,ákɑntún,"Ácan-tún, es",n.,m.,"[ácan == ácum. m. [ácan == ácum. pl. d. of ác an oak, tun a town]","<div class=""oldenglish bodytext""></div>",\N,"Acton, Suffolk :-- Ðæt"
1,acas,\N,5,main,ɑkɑs,"acas, e; f: acase, axe, an",n.,f.,\N,"<div class=""oldenglish bodytext""><I>axe;</I> securis :-- Acas, Mt. Lind. Stv. 3, 10. Acase, Lk. Rush. War. 3, 9 [id. Lind. Acasa, <I>a Northumbrian form</I>]. Axe, Mt. Rush. Stv. 3,10. v. æx.</div>","axe; securis :-- Acas, Mt. Lind. Stv. 3, 10. Acase, Lk. Rush. War. 3, 9 [id. Lind. Acasa, a Northumbrian form]. Axe, Mt. Rush. Stv. 3,10. v. æx.",axe
1,ác-beám,\N,5,main,ákbeám,"ác-beám, es",n.,m.,\N,"<div class=""oldenglish bodytext""><I>oak-tree;</I> quercus, Ettm. p. 51.</div>","oak-tree; quercus, Ettm. p. 51.",oak-tree
1,áe-cærn,\N,5,main,áekærˠn,"áe-cærn, ác-corn",,\N,\N,"<div class=""oldenglish bodytext""></div>",\N,\N
1,accutian?,\N,5,main,ɑkːutiɑn?,accutian?,,\N,\N,"<div class=""oldenglish bodytext""></div>",\N,\N
1,áo-cyn,\N,5,main,áokyn,"áo-cyn, -cynn, es",n.,n.,"[ác n. [ác oak, cyn kind]","<div class=""oldenglish bodytext""></div>",\N,\N
1,ác-drenc,\N,5,main,ákdrenk,"ác-drenc, -drinc, es",n.,m.,\N,"<div class=""oldenglish bodytext""><I>a kind of drink made of acorns;</I> potus ex quercus glandibus factus. v. ác, drenc.</div>","a kind of drink made of acorns; potus ex quercus glandibus factus. v. ác, drenc.",a kind of drink made of acorns
1,ace,\N,5,main,ɑke,ace,,\N,\N,"<div class=""oldenglish bodytext""></div>",\N,\N
1,a-cealdian,\N,5,main,ɑkæːɑɫdiɑn,a-cealdian; p. ode,v. intrans.,\N,\N,"<div class=""oldenglish bodytext""><I>be</I> or <I>become cold;</I> algere, frigescere, Past. 58, 9. v. a-cólian, calan.</div>","be or become cold; algere, frigescere, Past. 58, 9. v. a-cólian, calan.",be
1,a-ceápian,\N,5,main,ɑkeápiɑn,a-ceápian; p. ode,,\N,\N,"<div class=""oldenglish bodytext""></div>",\N,\N
1,a-cearfan,\N,5,main,ɑkæːɑrˠfɑn,a-cearfan,,\N,\N,"<div class=""oldenglish bodytext""></div>",\N,\N
1,a-célan,\N,5,main,ɑkélɑn,a-célan; p. de,v. intrans.,\N,\N,"<div class=""oldenglish bodytext""><I>be</I> or <I>become cold;</I> algere, frigescere :-- Ðæs þearfan ne biþ þurst acéled <I>the thirst of this desire is not become cold,</I> Bt. Met. Fox 7, 34; Met. 7,17. v. célan, calan.</div>","be or become cold; algere, frigescere :-- Ðæs þearfan ne biþ þurst acéled the thirst of this desire is not become cold, Bt. Met. Fox 7, 34; Met. 7,17. v. célan, calan.",be
1,Acemannes burh,\N,5,main,ɑkemɑnːes burˠh,"Acemannes burh, burg",,\N,\N,"<div class=""oldenglish bodytext""></div>",\N,\N
1,acen,\N,5,main,ɑken,acen,,\N,\N,"<div class=""oldenglish bodytext""></div>",\N,\N
1,ácen,\N,5,main,áken,ácen,,\N,\N,"<div class=""oldenglish bodytext""></div>",\N,\N
1,a-cennan,\N,5,main,ɑkenːɑn,"a-cennan, ðú -censt, he -cenþ; p. -cende; pp. -cenned",v. a.,\N,\N,"<div class=""oldenglish bodytext""><I>bring forth, produce, beget, renew;</I> parere, gignere, renovare, renasci :-- Swá wíf acenþ bearn <I>as a woman brings forth a child,</I> Bt. 31,1; Fox 112, 2. On sárnysse ðú acenst cild <I>in dolore paries filios.</I> Gen. 3, 16. Ða se Hǽlend acenned wæs <I>cum natus esset Jesus,</I> Mt. Bos. 2, l. Crist wæs acenned [MS. acennyd] on midne winter <I>Christ was born in mid-winter,</I> Menol. Fox l; Men. 1. Gregorius wæs of æðelborenre mægþe acenned <I>Gregory was born of</I> a <I>noble family,</I> Homl. Th. ii. 118, 7. Eal edniwe, eft acenned, synnum asundrad <I>all renewed, born again, sundered from sins</I>, Exon. 59b; Th. 214, 19; Ph. 241. Ðonne se móna biþ acenned [geniwod, v. geniwian] <I>when the moon is changed</I> [<I>born anew</I>], Lchdm, iii. 180,19, 22, 28. v. cennan.</div>","bring forth, produce, beget, renew; parere, gignere, renovare, renasci :-- Swá wíf acenþ bearn as a woman brings forth a child, Bt. 31,1; Fox 112, 2. On sárnysse ðú acenst cild in dolore paries filios. Gen. 3, 16. Ða se Hǽlend acenned wæs cum natus esset Jesus, Mt. Bos. 2, l. Crist wæs acenned [MS. acennyd] on midne winter Christ was born in mid-winter, Menol. Fox l; Men. 1. Gregorius wæs of æðelborenre mægþe acenned Gregory was born of a noble family, Homl. Th. ii. 118, 7. Eal edniwe, eft acenned, synnum asundrad all renewed, born again, sundered from sins, Exon. 59b; Th. 214, 19; Ph. 241. Ðonne se móna biþ acenned [geniwod, v. geniwian] when the moon is changed [born anew], Lchdm, iii. 180,19, 22, 28. v. cennan.","bring forth, produce, beget, renew"
1,a-cenned-líc,\N,5,main,ɑkenːedlík,a-cenned-líc,adj.,\N,\N,"<div class=""oldenglish bodytext""></div>",\N,\N
1,a-cennednes,\N,5,main,ɑkenːednes,"a-cennednes, -cennes, -cennys, -cænnednys, -cænnys, -ness, e",n.,f.,\N,"<div class=""oldenglish bodytext""><I>birth, generation;</I> nativitas, ortus :-- Manega on his acennednysse gefag-niaþ <I>multi in nativitate ejus gaudebunt,</I> Lk. Bos. 1,14: Ps. Spl. 106, 37.</div>","birth, generation; nativitas, ortus :-- Manega on his acennednysse gefag-niaþ multi in nativitate ejus gaudebunt, Lk. Bos. 1,14: Ps. Spl. 106, 37.","birth, generation"
1,a-ceócian?,\N,5,main,ɑkeókiɑn?,a-ceócian? p. ode; pp. od,,\N,\N,"<div class=""oldenglish bodytext""></div>",\N,\N
1,a-ceócung,\N,5,main,ɑkeókuŋg,"a-ceócung, e",n.,f.,\N,"<div class=""oldenglish bodytext""><I>consideration;</I> ruminatio<I>.</I> Wrt. Voc. 54, 62. v. a-ceósung.</div>","consideration; ruminatio. Wrt. Voc. 54, 62. v. a-ceósung.",consideration
1,a-ceorfan,\N,5,main,ɑkeorˠfɑn,"a-ceorfan; p. -cearf, pl. -cufon; pp. -corfen",,\N,\N,"<div class=""oldenglish bodytext""></div>",\N,\N
1,a-ceósan,\N,5,main,ɑkeósɑn,"a-ceósan; p. -ceás, pl. -curon; pp. -coren",,\N,\N,"<div class=""oldenglish bodytext""></div>",\N,\N
1,a-ceósung,\N,5,main,ɑkeósuŋg,a-ceósung,,\N,[MS. aceócung],"<div class=""oldenglish bodytext""></div>",\N,\N
1,acer,\N,5,main,ɑker,acer,,\N,\N,"<div class=""oldenglish bodytext""></div>",\N,\N
1,a-cerran,\N,5,main,ɑkerˠɑn,a-cerran; p. -cerde; pp. -cerred,,\N,\N,"<div class=""oldenglish bodytext""></div>",\N,\N
1,a-cerrednes,\N,5,main,ɑkerˠednes,"a-cerrednes, -ness, e",n.,f.,\N,"<div class=""oldenglish bodytext""><I>aversion,</I> v. a-cerran.</div>","aversion, v. a-cerran.",aversion
1,ach,\N,5,main,ɑkh,ach,,\N,\N,"<div class=""oldenglish bodytext""></div>",\N,\N
1,ác-hal,\N,5,main,ákhɑl,ác-hal,adj.,\N,\N,"<div class=""oldenglish bodytext""></div>",\N,\N
1,á-cígan,\N,5,main,ákígɑn,á-cígan; p. de; pp. ed,,\N,\N,"<div class=""oldenglish bodytext""></div>",\N,\N
1,ac-lǽc-cræft,\N,5,main,ɑklǽkkræft,"ac-lǽc-cræft, es",n.,m.,"[ac-lǽc = ag-lǽc m. [ac-lǽc = ag-lǽc miseria, cræft ars]","<div class=""oldenglish bodytext""></div>",\N,\N
1,a-clǽnsian,\N,5,main,ɑklǽnsiɑn,a-clǽnsian; p. ode; pp. od,,\N,\N,"<div class=""oldenglish bodytext""></div>",\N,\N
1,Ác-leá=Ác-leáh,\N,5,main,ákleá=ákleáh,Ác-leá=Ác-leáh,,\N,\N,"<div class=""oldenglish bodytext""></div>",\N,\N
1,ác-leáf,\N,5,main,ákleáf,"ác-leáf, es",n.,n.,\N,"<div class=""oldenglish bodytext""><I>oak-leaf;</I> quercus folium :-- Ácleáf, Lchdm, iii. 311: L. M. 3, 8; Lchdm, ii. 312, 19.</div>","oak-leaf; quercus folium :-- Ácleáf, Lchdm, iii. 311: L. M. 3, 8; Lchdm, ii. 312, 19.",oak-leaf
1,a-cleopian,\N,5,main,ɑkleopiɑn,a-cleopian; p. ode; pp. od,,\N,\N,"<div class=""oldenglish bodytext""></div>",\N,\N
1,aclian,\N,5,main,ɑkliɑn,aclian; p. ode; pp. od,,\N,"[acol, acl excited by fear]","<div class=""oldenglish bodytext"">terrere, terrore percellere. PER. ge-aclian.</div>","terrere, terrore percellere. PER. ge-aclian.","To frighten, excite"
1,ác-melu,\N,5,main,ákmelu,ác-melu,,\N,\N,"<div class=""oldenglish bodytext""></div>",\N,\N
1,ác-mistel,\N,5,main,ákmistel,"ác-mistel, e",n.,f.,\N,"<div class=""oldenglish bodytext""><I>mistletoe;</I> quercus viscum :-- Gením ácmistel <I>take mistletoe of the oak,</I> L. M. l, 36; Lchdm, ii. 88, 4.</div>","mistletoe; quercus viscum :-- Gením ácmistel take mistletoe of the oak, L. M. l, 36; Lchdm, ii. 88, 4.",mistletoe
1,a-cnyssan,\N,5,main,ɑknysːɑn,a-cnyssan; p. ede; pp. ed,,\N,\N,"<div class=""oldenglish bodytext""></div>",\N,\N
1,a-cofrian,\N,5,main,ɑkofriɑn,a-cofrian; p. ode; pp. od,,\N,\N,"<div class=""oldenglish bodytext""></div>",\N,\N
1,acol,\N,5,main,ɑkol,"acol, acul, acl",adj.,\N,\N,"<div class=""oldenglish bodytext""><I>excited by fear, frightened, terrified, trembling;</I> agitatus, perterritus, pavidus :-- Wearþ he on ðam egesan acol worden <I>he had through that horror become chilled, trembling,</I> Cd. 178; Th. 223, 24; Dan. 124. Forht on móde, acul for ðam egesan <I>fearful in mood, trembling with dread,</I> 210; Th. 261, 14; Dan. 726. Acol for ðam egsan <I>trembling with terror.</I> Exon. 42 b; Th. 143, 20; Gú. 664. Forht and acol <I>afraid and trembling.</I> Cd. 92; Th. 117, 18; Gen. 1955. Wurdon hie ðá acle <I>they then became terrified,</I> Andr. Kmbl. 2678; An. 1341. Fyrd-leóþ galan aclum stefnum <I>they sung a martial song with loud excited voices,</I> Cd. 171; Th. 215, 4; Exod. 578.</div>","excited by fear, frightened, terrified, trembling; agitatus, perterritus, pavidus :-- Wearþ he on ðam egesan acol worden he had through that horror become chilled, trembling, Cd. 178; Th. 223, 24; Dan. 124. Forht on móde, acul for ðam egesan fearful in mood, trembling with dread, 210; Th. 261, 14; Dan. 726. Acol for ðam egsan trembling with terror. Exon. 42 b; Th. 143, 20; Gú. 664. Forht and acol afraid and trembling. Cd. 92; Th. 117, 18; Gen. 1955. Wurdon hie ðá acle they then became terrified, Andr. Kmbl. 2678; An. 1341. Fyrd-leóþ galan aclum stefnum they sung a martial song with loud excited voices, Cd. 171; Th. 215, 4; Exod. 578.","excited by fear, frightened, terrified, trembling"
1,a-cólian,\N,5,main,ɑkóliɑn,"a-cólian; p. ade, ode; pp. ad, od",,\N,\N,"<div class=""oldenglish bodytext""></div>",\N,\N
1,acolitus,\N,5,main,ɑkolitus,acolitus = GREEK,,\N,\N,"<div class=""oldenglish bodytext""></div>",\N,\N
1,acol-mód,\N,5,main,ɑkolmód,acol-mód,adj.,\N,\N,"<div class=""oldenglish bodytext""><I>a fearful mind, timid;</I> pavidus animo :-- Eorl acolmód <I>a chief in trembling mood, fearful.mind,</I> Exon. 55 b; Th. 195, 36; Az. 166. pegnas wurdon acolmóde <I>the thanes were chilled with terror,</I> Andr. Kmbl. 753; An. 377.</div>","a fearful mind, timid; pavidus animo :-- Eorl acolmód a chief in trembling mood, fearful.mind, Exon. 55 b; Th. 195, 36; Az. 166. pegnas wurdon acolmóde the thanes were chilled with terror, Andr. Kmbl. 753; An. 377.","a fearful mind, timid"
1,acordan,\N,5,main,ɑkorˠdɑn,acordan; p. ede; pp. ed,,\N,\N,"<div class=""oldenglish bodytext""></div>",\N,\N
1,a-coren,\N,5,main,ɑkoren,a-coren,,\N,\N,"<div class=""oldenglish bodytext""></div>",\N,\N
1,a-corenlíc,\N,5,main,ɑkorenlík,a-corenlíc,adj.,\N,\N,"<div class=""oldenglish bodytext""><I>to be chosen;</I> eligibilis :-- Biþ swíðe acorenlíc <I>is very estimable,</I> Past. 52, 8; Swt. 409, 36.</div>","to be chosen; eligibilis :-- Biþ swíðe acorenlíc is very estimable, Past. 52, 8; Swt. 409, 36.",to be chosen
1,a-corfen,\N,5,main,ɑkorˠfen,a-corfen,,\N,\N,"<div class=""oldenglish bodytext""></div>",\N,\N
1,a-costnod,\N,5,main,ɑkostnod,a-costnod,,\N,\N,"<div class=""oldenglish bodytext""></div>",\N,\N
1,a-cræftan,\N,5,main,ɑkræftɑn,a-cræftan; p. de; pp. ed,,\N,\N,"<div class=""oldenglish bodytext""></div>",\N,\N
1,a-crammian,\N,5,main,ɑkrɑmːiɑn,a-crammian; p. ode; pp. od,,\N,\N,"<div class=""oldenglish bodytext""></div>",\N,\N
1,a-creópian,\N,5,main,ɑkreópiɑn,a-creópian; p. ede; pp. ed,,\N,[Manhu],"<div class=""oldenglish bodytext""></div>",\N,\N
1,a-crimman,\N,5,main,ɑkrimːɑn,"a-crimman; p. -cramm, pl. -crummon; pp. -crummen",,\N,\N,"<div class=""oldenglish bodytext""></div>",\N,\N
1,ác-rind,\N,5,main,ákrind,"ác-rind, e",n.,f.,\N,"<div class=""oldenglish bodytext""></div>",\N,\N
1,acs,\N,5,main,ɑks,acs,,\N,\N,"<div class=""oldenglish bodytext""></div>",\N,\N
1,Acsa,\N,5,main,ɑksɑ,"Acsa, Axa, an",,\N,\N,"<div class=""oldenglish bodytext""></div>",\N,\N
1,Acsan mynster,\N,5,main,ɑksɑn mynster,"Acsan mynster, Ascan mynster, Axan minster, es",n.,n.,"[Acsa, an; n. [Acsa, an; m? the river Axe; mynster a monastery: Flor. Axanminster: Hunt. Acseminster]","<div class=""oldenglish bodytext""></div>",\N,\N
1,acse,\N,5,main,ɑkse,acse,,\N,\N,"<div class=""oldenglish bodytext""></div>",\N,\N
1,acsian,\N,6,main,ɑksiɑn,"acsian, acsigan; p. ode; pp. od",,\N,\N,"<div class=""oldenglish bodytext""></div>",\N,\N
1,acsung,\N,6,main,ɑksuŋg,"acsung, e",n.,f.,\N,"<div class=""oldenglish bodytext""><I>asking, a question, an inquiry, inquisition, interrogation, that which is inquired about, information;</I> interrogatio :-- Uneáþe ic mæg forstandan ðíne acsunga <I>I can scarcely understand thy questions,</I> Bt. 5, 3; Fox 12, 16. v. ascung.</div>","asking, a question, an inquiry, inquisition, interrogation, that which is inquired about, information; interrogatio :-- Uneáþe ic mæg forstandan ðíne acsunga I can scarcely understand thy questions, Bt. 5, 3; Fox 12, 16. v. ascung.","asking, a question, an inquiry, inquisition, interrogation, that which is inquired about, information"
1,ác-treó,\N,6,main,áktreó,"ác-treó, -treów, es; u.",,\N,\N,"<div class=""oldenglish bodytext""></div>",\N,\N
1,Ác-tún,\N,6,main,áktún,"Ác-tún, es",n.,m.,"[ác m. [ác oak, tún a town]","<div class=""oldenglish bodytext""></div>",\N,\N
1,a-cucian,\N,6,main,ɑkukiɑn,a-cucian,,\N,"[cuc=cwic, Cd. 65; Th. 78, 23 = Ors. 2, 1; Bos. 38, 8]","<div class=""oldenglish bodytext""></div>",\N,\N
1,acul,\N,6,main,ɑkul,acul,,\N,\N,"<div class=""oldenglish bodytext""></div>",\N,\N
1,á-cuma,\N,6,main,ákumɑ,á-cuma OAKUM ; putamen :-- Ácuman,,\N,\N,"<div class=""oldenglish bodytext""></div>",\N,\N
1,a-cuman,\N,6,main,ɑkumɑn,"a-cuman; p. -cam, -com, pl. -cámon, -cómon; pp. -cumen, -cymen",,\N,\N,"<div class=""oldenglish bodytext""></div>",\N,\N
1,á-cumba,\N,6,main,ákumbɑ,"á-cumba, an; m: ǽ-cumbe, an",,\N,[cemban n ? [cemban to comb],"<div class=""oldenglish bodytext""></div>",\N,\N
1,a-cumend-líc,\N,6,main,ɑkumendlík,a-cumend-líc,adj.,\N,\N,"<div class=""oldenglish bodytext""><I>bearable;</I> tolerabilis. -- Acumendlícre byþ Sodoma lande and Gomorra on dómes dæg, ðonne ðære ceastre <I>tolerabilius erit terræ Sodomorum et Gomorrhæorúm in die judicii quam illi civitati,</I> Mt. Bos. lo, 15.</div>","bearable; tolerabilis. -- Acumendlícre byþ Sodoma lande and Gomorra on dómes dæg, ðonne ðære ceastre tolerabilius erit terræ Sodomorum et Gomorrhæorúm in die judicii quam illi civitati, Mt. Bos. lo, 15.",bearable
1,a-cumendlícness,\N,6,main,ɑkumendlíknesː,"a-cumendlícness, e",n.,f.,\N,"<div class=""oldenglish bodytext""><I>possibility to bring anything to pass;</I> possibilitas. v. cumende; <I>part. of</I> cuman.</div>",possibility to bring anything to pass; possibilitas. v. cumende; part. of cuman.,possibility to bring anything to pass
1,a-cunnian,\N,6,main,ɑkunːiɑn,a-cunnian; p. ode; pp. od,,\N,[MS. acunnudyst],"<div class=""oldenglish bodytext""></div>",\N,\N
1,a-curon,\N,6,main,ɑkuron,a-curon,,\N,\N,"<div class=""oldenglish bodytext""></div>",\N,\N
1,a-cwǽdon,\N,6,main,ɑkwǽdon,a-cwǽdon,,\N,\N,"<div class=""oldenglish bodytext""></div>",\N,\N
1,a-cwǽlon,\N,6,main,ɑkwǽlon,a-cwǽlon,,\N,\N,"<div class=""oldenglish bodytext""></div>",\N,\N
1,a-cwæþ.,\N,6,main,ɑkwæθ.,a-cwæþ.,,\N,\N,"<div class=""oldenglish bodytext""></div>",\N,\N
1,a-cwalde,\N,6,main,ɑkwɑɫde,a-cwalde,,\N,\N,"<div class=""oldenglish bodytext""></div>",\N,\N
1,a-cwán,\N,6,main,ɑkwán,a-cwán,,\N,\N,"<div class=""oldenglish bodytext""></div>",\N,\N
1,a-cwanc,\N,6,main,ɑkwɑnk,a-cwanc,,\N,\N,"<div class=""oldenglish bodytext""></div>",\N,\N
1,a-cwealde,\N,6,main,ɑkwæːɑɫde,a-cwealde,,\N,\N,"<div class=""oldenglish bodytext""></div>",\N,\N
1,a-cweccan,\N,6,main,ɑkwekːɑn,a-cweccan; p. -cwehte; pp. -cweht,,\N,\N,"<div class=""oldenglish bodytext""></div>",\N,\N
1,a-cwelan,\N,6,main,ɑkwelɑn,"a-cwelan, he -cwilþ, pl. -cwelaþ; p. -cwæl, pl. -cwǽlon; pp. -cwolen, -cwelen",v. n.,\N,\N,"<div class=""oldenglish bodytext""><I>die, perish;</I> mori :-- Ða fixas acwelaþ <I>pisces morientur,</I> Ex. 7, 18. Ofercumen biþ he ǽr he acwele <I>he will be overcome ere he dies,</I> Exon, 90b; Th. 340, 10; Gn. Ex. 114. Monige men hungre acwǽlon <I>many men died of hunger,</I> Chr. 918; Erl. 104,13.</div>","die, perish; mori :-- Ða fixas acwelaþ pisces morientur, Ex. 7, 18. Ofercumen biþ he ǽr he acwele he will be overcome ere he dies, Exon, 90b; Th. 340, 10; Gn. Ex. 114. Monige men hungre acwǽlon many men died of hunger, Chr. 918; Erl. 104,13.","die, perish"
1,a-cwellan,\N,6,main,ɑkwelːɑn,a-cwellan; p. -cwealde; pp. -cweald,,\N,\N,"<div class=""oldenglish bodytext""></div>",\N,\N
1,a-cwelledness,\N,6,main,ɑkwelːednesː,"a-cwelledness, e",n.,f.,\N,"<div class=""oldenglish bodytext""><I>quelling, killing;</I> occisio. DER. cwellan.</div>","quelling, killing; occisio. DER. cwellan.","quelling, killing"
1,a-cwencan,\N,6,main,ɑkwenkɑn,"a-cwencan; p. de, te, pl. don, ton; pp. ed, d, t",,\N,\N,"<div class=""oldenglish bodytext""></div>",\N,\N
1,a-cweorran,\N,6,main,ɑkweorˠɑn,"a-cweorran; p. -cwear, pl. -cwurron; pp. -cworren",,\N,\N,"<div class=""oldenglish bodytext""></div>",\N,\N
1,ác-wern,\N,6,main,ákwerˠn,"ác-wern, es; n.",,\N,\N,"<div class=""oldenglish bodytext""></div>",\N,\N
1,a-cwerren,\N,6,main,ɑkwerˠen,"a-cwerren, -cworren",,\N,\N,"<div class=""oldenglish bodytext""></div>",\N,\N
1,a-cweðan,\N,6,main,ɑkweðɑn,"a-cweðan, he -cwyþ; p. -cwæþ, pl. -cwǽdon; pp. -cweden",,\N,\N,"<div class=""oldenglish bodytext""></div>",\N,\N
1,a-cwician,\N,6,main,ɑkwikiɑn,a-cwician; p. ode; pp. od,,\N,\N,"<div class=""oldenglish bodytext""></div>",\N,\N
1,a-cwilþ,\N,6,main,ɑkwiɫθ,a-cwilþ,,\N,\N,"<div class=""oldenglish bodytext""></div>",\N,\N
1,a-cwínan:,\N,6,main,ɑkwínɑn:,"a-cwínan: p. -cwán, pl. -cwinon; pp. -cwinen",,\N,\N,"<div class=""oldenglish bodytext""></div>",\N,\N
1,a-cwincan,\N,6,main,ɑkwinkɑn,"a-cwincan; p. -cwanc, pl. -cwuncon; pp. -cwuncen",,\N,\N,"<div class=""oldenglish bodytext""></div>",\N,\N
1,a-cwinen,\N,6,main,ɑkwinen,a-cwinen,,\N,\N,"<div class=""oldenglish bodytext""></div>",\N,\N
1,a-cwolen,\N,6,main,ɑkwolen,a-cwolen,,\N,\N,"<div class=""oldenglish bodytext""></div>",\N,\N
1,a-cworren,\N,6,main,ɑkworˠen,a-cworren,,\N,\N,"<div class=""oldenglish bodytext""></div>",\N,\N
1,a-cwucian,\N,6,main,ɑkwukiɑn,a-cwucian,,\N,\N,"<div class=""oldenglish bodytext""></div>",\N,\N
1,a-cwylan,\N,6,main,ɑkwylɑn,a-cwylan,,\N,\N,"<div class=""oldenglish bodytext""></div>",\N,\N
1,acxan,\N,6,main,ɑkxɑn,acxan,,\N,\N,"<div class=""oldenglish bodytext""></div>",\N,\N
1,a-cýd,\N,6,main,ɑkýd,a-cýd,,\N,\N,"<div class=""oldenglish bodytext""></div>",\N,\N
1,a-cyrran,\N,6,main,ɑkyrˠɑn,"a-cyrran; p. -cyrde; pp. -cyrred, -cyrd",,\N,\N,"<div class=""oldenglish bodytext""></div>",\N,\N
1,a-cyrrednes,\N,6,main,ɑkyrˠednes,"a-cyrrednes, -cerrednes, -ness, t",n.,f.,\N,"<div class=""oldenglish bodytext""><I>turning, aversion, a turning from, apostacy, revolting;</I> aversio. DER. a-cyrred. v. a-cyrran.</div>","turning, aversion, a turning from, apostacy, revolting; aversio. DER. a-cyrred. v. a-cyrran.","turning, aversion, a turning from, apostacy, revolting"
1,a-cýðan,\N,6,main,ɑkýðɑn,"a-cýðan; p. -cýðde; pp. -cýðed, -cýd",,\N,\N,"<div class=""oldenglish bodytext""></div>",\N,\N
1,ÁD,\N,6,main,ád,"ÁD, aad, es",n.,m.,\N,"<div class=""oldenglish bodytext""><I>funeral pile, pile, heap;</I> rogus, congeries :-- Ðá on-bærnde he ðone ád <I>then kindled he the pile,</I> Bd. 3, 16; S. 542, 25. Ád stód onæled <I>the pile was</I> [<I>stood</I>] <I>kindled,</I> Cd. 141; Th. 176, 35; Gen. 2922. Hét ád onælan <I>he commanded to kindle the funeral pile,</I> Exon. 74a; Th. 277, 13; Jul. 580. Mycelne aad [ád MS. B.T.] gesomnode on beámum <I>advexit plurimam congeriem trabium,</I> Bd. 3, 16; S. 542, 22. [<I>Kath.</I> ad: <I>O. Ger.</I> eit <I>ignis, rogus.</I> v. <I>Lat.</I> æs-tus: <I>Grk. GREEK: Sansk.</I> edh-as <I>wood for fuel,</I> from the <I>Sansk.</I> root indh <I>to light, kindle.</I>] DER. ád-fær, -fýr, -lég, -loma.</div>","funeral pile, pile, heap; rogus, congeries :-- Ðá on-bærnde he ðone ád then kindled he the pile, Bd. 3, 16; S. 542, 25. Ád stód onæled the pile was [stood] kindled, Cd. 141; Th. 176, 35; Gen. 2922. Hét ád onælan he commanded to kindle the funeral pile, Exon. 74a; Th. 277, 13; Jul. 580. Mycelne aad [ád MS. B.T.] gesomnode on beámum advexit plurimam congeriem trabium, Bd. 3, 16; S. 542, 22. [Kath. ad: O. Ger. eit ignis, rogus. v. Lat. æs-tus: Grk. GREEK: Sansk. edh-as wood for fuel, from the Sansk. root indh to light, kindle.] DER. ád-fær, -fýr, -lég, -loma.","funeral pile, pile, heap"
1,a-dǽlan,\N,6,main,ɑdǽlɑn,a-dǽlan; p. ede; pp. ed,,\N,\N,"<div class=""oldenglish bodytext""></div>",\N,\N
1,a-deádan,\N,6,main,ɑdeádɑn,"a-deádan, -deádian; p. ode; pp. od",,\N,\N,"<div class=""oldenglish bodytext""></div>",\N,\N
1,a-deáf,\N,6,main,ɑdeáf,a-deáf,adj.,\N,\N,"<div class=""oldenglish bodytext""></div>",\N,\N
1,a-deaflan,\N,6,main,ɑdæːɑflɑn,"a-deaflan; p. ode, ede; pp. od, ed",,\N,\N,"<div class=""oldenglish bodytext""></div>",\N,\N
1,a-deáfung,\N,6,main,ɑdeáfuŋg,a-deáfung eárena,,\N,\N,"<div class=""oldenglish bodytext""></div>",\N,\N
1,ádel,\N,6,main,ádel,ádel,,\N,\N,"<div class=""oldenglish bodytext""></div>",\N,\N
1,adela,\N,6,main,ɑdelɑ,"adela, an",n.,m.,\N,"<div class=""oldenglish bodytext""></div>",\N,\N
1,a-delfan,\N,6,main,ɑdeɫfɑn,"a-delfan; p. -dealf, -dylf, pl. -dulfon; pp. -dolfen",,\N,\N,"<div class=""oldenglish bodytext""></div>",\N,\N
1,adeliht,\N,6,main,ɑdeliçt,adeliht,adj.,\N,\N,"<div class=""oldenglish bodytext""></div>",\N,\N
1,adel-seaþ,\N,6,main,ɑdelsæːɑθ,"adel-seaþ, es",n.,m.,\N,"<div class=""oldenglish bodytext""><I>sewer, gutter, sink;</I> cloaca, v. adul-seáþ.</div>","sewer, gutter, sink; cloaca, v. adul-seáþ.","sewer, gutter, sink"
1,adelyng,\N,6,main,ɑdelyŋg,adelyng,,\N,\N,"<div class=""oldenglish bodytext""></div>",\N,\N
1,a-dérnan,\N,6,main,ɑdérˠnɑn,a-dérnan; p. de; pp. ed,,\N,\N,"<div class=""oldenglish bodytext""></div><xml_line>S. 595, 15. Ðú adémest me fram duguðe <I>thou deprivest me of good,</I> Cd. 49; Th. 63, 14; Gen. 1032. v. déman.</xml_line>","\NS. 595, 15. Ðú adémest me fram duguðe thou deprivest me of good, Cd. 49; Th. 63, 14; Gen. 1032. v. déman.",\N
1,a-deorcian,\N,7,main,ɑdeorˠkiɑn,"a-deorcian; p. ode, ade; pp. od, ad",,\N,\N,"<div class=""oldenglish bodytext""></div>",\N,\N
1,adesa,\N,7,main,ɑdezɑ,"adesa, eadesa, an",n.,m.,\N,"<div class=""oldenglish bodytext""><I>addice</I> or <I>adze, a cooper's instrument;</I> ascia, Bd. 4, 3; S. 567, 26: Wrt. Voc. p. 84, 62.</div>","addice or adze, a cooper's instrument; ascia, Bd. 4, 3; S. 567, 26: Wrt. Voc. p. 84, 62.",addice
1,ád-fær,\N,7,main,ádfær,ád-fær,,\N,\N,"<div class=""oldenglish bodytext""></div>",\N,\N
1,ád-fýr,\N,7,main,ádfýr,"ád-fýr, es; n.",,\N,\N,"<div class=""oldenglish bodytext""></div>",\N,\N
1,a-dihtan,\N,7,main,ɑdiçtɑn,"a-dihtan; p. -dihte, -dihtode; pp. -dihtod, -diht",,\N,\N,"<div class=""oldenglish bodytext""></div>",\N,\N
1,a-dilegian,\N,7,main,ɑdilegiɑn,"a-dilegian, -dilgian, -dylegian; p. ode; pp. od",v. a.,\N,"[a, dilgian v. a. [a, dilgian to destroy]","<div class=""oldenglish bodytext""></div>",\N,\N
1,a-dimmian,\N,7,main,ɑdimːiɑn,"a-dimmian; p. ode; pp. od, ad",,\N,\N,"<div class=""oldenglish bodytext""></div>",\N,\N
1,ÁDL,\N,7,main,ádl,"ÁDL, ádel",,\N,\N,"<div class=""oldenglish bodytext""></div>",\N,\N
1,ádle,\N,7,main,ádle,"ádle, an",n.,f.,\N,"<div class=""oldenglish bodytext""><I>disease;</I> morbus :-- Ne yldo ne ádle <I>neither age nor disease,</I> Exon. 112a; Th. 430, 7; Rä. 44, 4. v. ádl.</div>","disease; morbus :-- Ne yldo ne ádle neither age nor disease, Exon. 112a; Th. 430, 7; Rä. 44, 4. v. ádl.",disease
1,ád-lég,\N,7,main,ádlég,"ád-lég, es",n.,m.,\N,"<div class=""oldenglish bodytext""><I>flame of the funeral pile;</I> flamma rogi :-- Ádlég æleþ flǽsc and bán <I>the flame of the pile burns flesh and bones,</I> Exon. 59a; Th. 213, 9; Ph. 222.</div>","flame of the funeral pile; flamma rogi :-- Ádlég æleþ flǽsc and bán the flame of the pile burns flesh and bones, Exon. 59a; Th. 213, 9; Ph. 222.",flame of the funeral pile
1,ádlian,\N,7,main,ádliɑn,"ádlian, -igan; p. ode; pp. od",,\N,\N,"<div class=""oldenglish bodytext""></div>",\N,\N
1,ádlíc,\N,7,main,ádlík,"ádlíc, ádlig",adj.,\N,"[ádl adj. [ádl disease, líc like]","<div class=""oldenglish bodytext""></div>",\N,\N
1,ád-loma,\N,7,main,ádlomɑ,"ád-loma, -lama? an",n.,m.,\N,"<div class=""oldenglish bodytext""><I>crippled by the flame?</I> cui flamma claudicationem attulit? -- Earme ádloman <I>poor wretches, i.e.</I> diaboli, Exon. 46a; Th. 156, 33; Gú. 884.</div>","crippled by the flame? cui flamma claudicationem attulit? -- Earme ádloman poor wretches, i.e. diaboli, Exon. 46a; Th. 156, 33; Gú. 884.",crippled by the flame?
1,ádl-þracu,\N,7,main,ádlθrɑku,ádl-þracu,,\N,\N,"<div class=""oldenglish bodytext""></div>",\N,\N
1,ádl-wérig,\N,7,main,ádlwérig,ádl-wérig,adj.,\N,\N,"<div class=""oldenglish bodytext""><I>with sickness;</I> morbo fatigatus :-- Fonde his mon-dryhten ádlwérigne <I>he found his master weary with sickness,</I> Exon. 47b; Th. 162, 25; Gú. 981.</div>","with sickness; morbo fatigatus :-- Fonde his mon-dryhten ádlwérigne he found his master weary with sickness, Exon. 47b; Th. 162, 25; Gú. 981.",with sickness
1,a-dolfen,\N,7,main,ɑdoɫfen,a-dolfen,,\N,\N,"<div class=""oldenglish bodytext""></div>",\N,\N
1,a-dón,\N,7,main,ɑdón,a-dón; p. -dyde; impert. -dó,v. a.,\N,\N,"<div class=""oldenglish bodytext""><I>take away, remove, banish;</I> tollere, ejicere :-- Ne mágon ðé nú heonan adón hyrste ða reádan <I>the red ornaments may not now take thee hence,</I> Exon. 99a; Th. 370, 14; Seel. 57. Ðæt hý God ðanon adó to heora ágnum lande <I>that God will bring them thence to their own land,</I> Ors. 3, 5; Bos. 56, 37. Adó ða buteran <I>remove the butter,</I> L. M. 1, 36; Lchdm. ii. 86, 22. Adó of ða buteran <I>take off the butter,</I> 86, 19. Flód adyde mancinn <I>a flood destroyed mankind,</I> Ælfc. T. 5, 25: Gen. 7, 23: 9, 11, Adó ðas wylne <I>ejice ancillam hanc,</I> Gen. 21, 10: Bt. 16, 1; Fox 50, 10: Ps. Th. 68, 14.</div>","take away, remove, banish; tollere, ejicere :-- Ne mágon ðé nú heonan adón hyrste ða reádan the red ornaments may not now take thee hence, Exon. 99a; Th. 370, 14; Seel. 57. Ðæt hý God ðanon adó to heora ágnum lande that God will bring them thence to their own land, Ors. 3, 5; Bos. 56, 37. Adó ða buteran remove the butter, L. M. 1, 36; Lchdm. ii. 86, 22. Adó of ða buteran take off the butter, 86, 19. Flód adyde mancinn a flood destroyed mankind, Ælfc. T. 5, 25: Gen. 7, 23: 9, 11, Adó ðas wylne ejice ancillam hanc, Gen. 21, 10: Bt. 16, 1; Fox 50, 10: Ps. Th. 68, 14.","take away, remove, banish"
1,a-drǽdan,\N,7,main,ɑdrǽdɑn,a-drǽdan; p. -dréd; pp. -drǽden,,\N,\N,"<div class=""oldenglish bodytext""></div>",\N,\N
1,a-drǽfan,\N,7,main,ɑdrǽfɑn,"a-drǽfan, -dréfan; p. de; pp. ed",,\N,\N,"<div class=""oldenglish bodytext""></div>",\N,\N
1,a-dreág,\N,7,main,ɑdreág,"a-dreág, -dreáh",,\N,\N,"<div class=""oldenglish bodytext""></div>",\N,\N
1,a-dréd,\N,7,main,ɑdréd,a-dréd,,\N,\N,"<div class=""oldenglish bodytext""></div>",\N,\N
1,a-dréfed,\N,7,main,ɑdréfed,a-dréfed,,\N,\N,"<div class=""oldenglish bodytext""></div>",\N,\N
1,adreminte,\N,7,main,ɑdreminte,"adreminte, an",n.,f.,\N,"<div class=""oldenglish bodytext""><I>herb feverfew:</I> parthenium = GREEK, Prior 78.</div>","herb feverfew: parthenium = GREEK, Prior 78.",herb feverfew:
1,a-drencan,\N,7,main,ɑdrenkɑn,a-drencan; p. -drencte; pp. -drenced,v. a.,\N,\N,"<div class=""oldenglish bodytext""><I>plunge under, to immerse, drown;</I> immergere :-- Wolde hine adrencan on ðære eá <I>would drown him in the river,</I> Bt. 16, 2; Fox 52, 36. Caines ofspring eall wearþ adrenced on ðam deópan flód, ðe adyde mancinn <I>Cain's offspring were all drowned in the deep flood, which destroyed mankind,</I> Ælfc. T. 5, 24. Heora feóndas flód adrencte, Ps. Th. 105, 10: Ex. 14, 28.</div>","plunge under, to immerse, drown; immergere :-- Wolde hine adrencan on ðære eá would drown him in the river, Bt. 16, 2; Fox 52, 36. Caines ofspring eall wearþ adrenced on ðam deópan flód, ðe adyde mancinn Cain's offspring were all drowned in the deep flood, which destroyed mankind, Ælfc. T. 5, 24. Heora feóndas flód adrencte, Ps. Th. 105, 10: Ex. 14, 28.","plunge under, to immerse, drown"
