string,lemma
fārī,fāra
fidī,fidī
fūgī,fūgī
fulsī,fulsīa
flēre,flēer
flāre,flāer
flāgō,flāgō
flīxī,flīxī
frēgī,frēo
fremere,fremo
fruī,fruī
fūi,fūes
fuās,fuās
fīerī,fīer
Präs,Präs
prodēre,prodēo
dedī,deus
dīxī,dīxī
didicī,didex
didicī,didex
indulsī,induls
dolēre,dolēa
reddere,reddo
reddidī,reddo
fēcī,fēcī
factud,facio
fīnxī,fīno
fiuō,fius
figere,figeo
fīxī,fīo
foue,foueo
trāxī,trāxī
suffire,suffirio
genuī,genuī
genunt,gigo
nāscī,nāscī
gnōuī,gnōuī
horitur,horo
fūdī,fūdī
glūpsī,glūpsī
prehendī,preho
ingruī,ingruo
uenire,uenio
uēnī,uēnio
offendere,offendo
iēcī,eo
ioubē,ioubē
mulsī,mulsus
mulcēre,mulcēria
operire,operio
ēsse,ēsse
edim,edo
ire,eo
ier,ier
iī,iī
ēmī,ēmī
dēmpsī,dēmpsī
coēpī,coēpī
est,sum
ussī,ussī
ēgī,ēgī
aī̆s,aī̆s
icō,io
īcī,īcīo
alere,aliuo
olēre,olēer
algēre,algeo
ambulāre,ambulāri
auēre,auēir
auxī,auxī
induī,induī
exuī,exuī
ind,ind
hausī,hausī
lēuī,lēum
mulsī,mulsīa
momordī,momor
memordī,memordmes
oit,eo
dēlēre,dēlēir
meiere,meieo
mīxī,mīxī
iūnxī,iūngo
cecidī,cecidulum
crēuī,crēo
cluere,cluo
cloāre,cloāer
querī,quer
cecinī,cecus
perculī,perculī
currere,curro
cucurrī,cuco
cubuī,cubus
cumbō,cumbōum
cubāre,cubāo
cecidī,cacio
clepere,clepo
clepsī,clepsī
crēuī,crēuī
crepuī,crepuī
coluī,coluī
quiēuī,quiēus
lēgī,lēgī
lūsī,lūsī
līquī,līquī
polluī,polluī
lūī,lūo
luere,luo
soluere,soluo
lūcēre,lūcēes
madēre,madio
medērī,medērīo
misc,miscus
micuī,micus
mitat,mito
moluī,molus
comminīscī,comminīer
mānsī,māneo
morirī,mor
mergere,mergo
mergere,mergo
ēmūnxī,ēmūnxī
adnūit,adnūo
adnuī,adnus
adnuō,adnus
pāuī,pāuī
pacunt,paco
pinxī,pinxī
pepulī,pepulī
parentēs,parentēs
peperī,peperī
pepercī,pepercī
pepēdī,pepio
pungere,pungo
pepugī,pepuio
pupugī,pupugo
pauīre,pauīrium
plēuī,plēuī
poposcī,poposcs
rēpsī,rēpsī
rŭdere,rŭdo
rūpī,rūpī
sēuī,sēuī
sāgīre,sāgī
secuī,secuī
inquit,inquam
inque,inque
insece,insexi
inquit,inquam
inque,inque
cōnsuluī,cōnsulus
sēnsī,sēnsī
sarsī,sarsī
serpsī,serpsī
sūxī,sūxī
insipiō,insipiō
scicidī,scicio
scidi,scido
scandī,scandī
accendī,accendī
carpsī,carpsī
carrō,carrō
scrīpsī,scrīpsī
quassī,quassus
cussī,cussī
nēs,nēs
net,neo
nēre,nēo
nēuī,nēuī
nat,nat
nāmus,nāmus
nāre,nāre
nāuī,nāuī
nūpsī,nūpsī
spōnsis,spōnsis
spepondī,spepon
pependī,pepeo
spuī,spuī
sprēuī,sprēuī
sparsī,sparsī
tēxī,tēxī
stāre,stāer
stinxī,stinx
tonuī,tonuī
strīnxī,strīnxī
tagam,tagxa
attigās,attigās
tetigī,tetigīa
abstulās,abstulās
attulat,attulo
tetinī,tetinus
tetendī,teteo
totondī,toton
tīnxī,tīnxī
tersī,tersī
terere,tereo
torpēre,torpēa
tuī,tuīa
sīuī,sīuī
trūsī,trūsī
uēxī,uēxī
uīdī,uīdo
uīcī,uīeo
uirēre,uiro
uoluī,uoluī
uult,uolo
uelim,uelio
uellī,ueller
uerērī,uerērī
uorrī,uorr
uertor,ueror
uertī,uerto
uortī,uortus
uetuī,uetus
uetāre,uetāre
uiēre,uio
ursī,ursī
ringī,ringī
Fort,Fort
fer,fero
imbus,imbus
datrīx,do
datum,do
datū,do
dare,do
reddere,reddo
datum,do
perendinō,perendo
perendinum,perendeo
Diouem,diouis
Diouos,diouus
Dioue,dio
Ioue,ios
Iuppiter,iuppiter
Iūpiter,Iūpiter
Iouem,ios
Iouis,iouis
Ioue,ios
diem,dies
diēī,diēīas
nudiustertius,nudiuustertus
biduum,biduus
deiuos,deiuus
deiuom,deuus
hemonem,hemo
homōnem,homōn
conditum,condo
condere,condo
abdere,abdo
fēsiae,fēsia
aurufex,aurufex
carnufex,carnufo
genta,gentus
gentum,gentus
genere,genus
gnāuus,gnāuus
adgnātus,adgnātus
gnātā,gnātus
nationu,natio
nōtum,nōo
nōtū,nōtū
ignōtu,igngo
bouem,bos
būbus,būbus
acupes,acup
ōcissimus,ōcisser
ōcissimē,ōcissem
hērem,hēris
heredei,heredior
ēsum,ēsum
esu,esus
ēsse,ēsse
escas,esca
dentum,dentus
iteris,iter
praitor,praitor
itum,itum
itū,itū
uītāre,uītāa
Iouuem,iouo
leibertās,leibertās
nāuex,nāuo
agī,agī
fūstigāre,fūstigāre
aeuus,aeuus
Iūnō,Iūnō
angiportum,angiportus
anctus,anctus
hālāre,hālār
arguere,arguo
arua,arua
arātum,arātus
auctum,aucio
auscultāre,auscultāre
anticuus,anticuus
aureae,aurea
iecinis,iecinum
iecinoris,iecinor
iocineris,iocinera
iocinoris,iocinus
iniuges,inius
sēiuges,sēio
iuga,iuga
iuges,iuges
iouxmenta,iouxmens
iūgera,iūgerum
iugulus,iugulus
iugulae,iugula
cōtēs,cōtēs
mūscerdae,mūscerda
sūcerdae,sūcerda
auscultāre,auscultāre
Cloelia,cloelia
Clouātius,clouātus
cane,canis
canum,canum
leuior,leuis
licuus,licuus
mātrīnus,mātrīnus
maiosibus,maios
Maiia,Maiia
mollior,bollis
membrānum,membrānum
breuior,breuis
breuissimus,breuissus
noctium,noctium
nāuem,nāuio
nāuī,nāuī
nāuium,nāuitus
nepōtis,nepōtus
nouior,nouus
ādes,ādes
tripodāre,tripodāesis
peccāre,peccāer
pessumus,pessumus
coctum,coctus
coctū,coctū
patrem,pater
patris,pater
patrēs,patrēs
Iuppiter,iuppiter
patrīnus,patrīnus
rotulus,rotulus
roudus,roudus
robosem,robos
rūbius,rūbus
salis,salum
senis,senes
niuis,niuis
niuem,niuis
inpēnsa,inpēndo
Praestita,praesto
instaurāre,instaurāe
statum,status
statū,sto
locī,loc
loca,locus
suodālēs,suodālēs
succula,succulum
torrus,torrus
torrus,torrus
utrem,utra
ūrīnārī,ūrīnārī
agī,agī
ammentum,ammentum
rēmigāre,rēmigor
lītigāre,lītiger
indigitēs,indigitēo
indigitāre,indigitāo
exigere,exigo
agnīle,agnīl
auillus,auillus
aestuāre,aestuāre
īcō,īcōo
aeruscāre,aeruscāe
aeuus,aeuus
acēre,aco
acuere,acuo
aquifolium,aquifolium
acerabulus,acerabulus
Interocrea,interocreus
ollī,ollī
ollīc,ollīc
olitana,olitanus
olitinata,olitino
alers,aleo
allers,allers
alterāre,alterme
altercāri,altercāor
alēscere,alēsco
coalēscere,coalēsco
adolēscere,adolēsco
abolēscere,abolēsco
altāre,altār
albarus,albarus
Albia,Albia
ālus,ālus
ampla,amplus
amma,amma
anatīna,anatīnus
ancrae,ancra
Anglii,anglius
ānsae,ānsa
anses,anses
antidīre,antidīrus
antārium,antārius
coēpi,coēpus
apur,apur
pōrcet,pōrceo
allers,allers
alers,alers
argīla,argīlum
sollennis,sollennus
uentilāre,uentilāre
ēuēlātus,ēuēlātus
uatillum,uatillus
auxilis,auxilis
auca,auca
Ostrogothae,ostrogotha
Austrogoti,austrogo
aulla,aulla
babaecalus,babaecalus
babit,bo
babiger,babigo
bambalō,bambalis
fascināre,fascināes
ballāre,ballāris
bēbō,bēbo
bālāre,bālāi
bēlāre,bēlāi
boāre,boāo
Fabidius,fabido
Fabāria,Fabāria
Baunonia,baunonius
Bōcōnia,Bōcōnia
broccus,broccus
battō,battō
fodicāre,fodicor
uidubium,uidubia
blatea,blatea
ballaena,ballaenus
fulgus,fulgus
Ζεὺς,Ζεὺς
fer,fero
fibrī,fibres
friguttiō,friguttiō
fringuliō,fringulus
fringuilla,fringuillum
forctus,forior
horctus,horctus
horctis,horco
frontēsia,frontēius
fuī,fuī
fūī,fūī
forem,forior
fuam,fuo
bam,bam
bō,bō
futāuit,futāo
blundus,blundus
barmbraccus,barmbraccus
suffrāginēs,suffrāginē
brīsāre,brīsumo
dacruma,dacruma
agedum,ago
manedum,manedo
dumnē,dumnum
dēterrimus,dēterreo
Iuppiter Iouis,iuppiter io
Iūlius,Iūlius
biduum,biduus
dīum,dīus
dīcere,dīceo
dīcāre,dīcāris
indīcāre,indīcāre
trIcontis,tricons
Decumius,decum
domī,domeo
domās,domās
domuī,do
Truentus,truo
drauoca,drauocus
derbita,derbio
trustis,trustis
duenos,duenus
duonos,duonus
dūrāre,dūrāris
doucō,doucōa
ēducāre,ēducāo
danunt,do
datum,do
duae,duo
dui,duus
bi,bi
effāfilātus,effāfilātus
ditus,ditus
conditum,condo
abdere,abdo
condere,condo
condidī,condo
perdere,perdo
crēdere,crēdo
fōculum,fōculus
fēlō,fēlō
fēta,fēo
effēta,effēta
fīuō,fīus
danea,daneus
fracēre,fracēria
infestāre,infestār
fēsiae,fēsia
fūmāre,fūmār
dūnum,dūnus
Furiae,furia
dosinus,dosinus
forēs,forēs
eh,eh
ēdī,ēdī
eis,is
eisdem,idem
id,is
emem,emem
eam,is
ēdī,ēdī
ēdimus,ēdo
edulus,edulus
ebulus,ebulus
aiiō,aiiō
Aius,Aius
heu,heor
eh,eh
eunt,eo
iēns,iēns
ĭī,ĭīa<SOS>
īuī,īo
uītāre,uītāa
oitile,oitilis
eira,eira
hinuleus,hinuleus
ēmī,ēmīo
emptum,emptus
enter,ensto
interuias,interuia
interus,interus
egone,ego
tūne,tūnus
onerāre,onerā
Eprius,eprius
op,op
irrītāre,irrītāor
prorītāre,prorītāo
triresmom,triresma
septeresmom,septer
ess,ess
est,sum
sumus,sum
estis,sum
sunt,sum
erat,sum
siēs,siēs
siet,sio
estōd,estōdus
esa,esa
aser,aser
assyr,assyr
assarātum,assarātus
reduuiae,reduuia
galbeus,galbeus
Zypressenzapfen,Zypressenzapfen
glēbō,glēo
glomerāre,glomerāre
glittūs,glittūs
glūttō,glūttō
gelū,gelū
gelus,gelus
galērus,galērus
germināre,germināes
gnāruris,gnārus
ignārurēs,ignārurēs
nārrāre,nārrāre
gruere,gruo
gerra,gerra
guttura,guttura
dēgūnō,dēgūnōa
oculi,oculus
grundiō,grundiō
gabulum,gabulus
hēdus,hēdus
faedus,faedus
haesitāre,haesitāre
hemōnem,hemōn
nēgi,nēgo
hippitāre,hippitāeo
exippitāre,exippetārio
helusa,helusa
praehendō,praehendm
hirrīre,hirrīo
fordeum,fordes
fūtilis,fūtilis
effūsī,effūsī
fauissae,fauissa
heus,heo
aduenam,aduena
uigēre,uigēis
uallessit,uallo
betulla,betulla
uoltur,uolo
uolturus,uolo
boue,bos
offendere,offendo
facētiae,facētia
hā,hā
hahahae,haho
Iegius,ieges
iotta,iotta
iuuāre,iuuāre
iugulae,iugula
iūgera,iūgerum
iouxmenta,iouxmens
iūges,iūges
ious,ious
iouestōd,iouester
NULL,null
callus,callus
calliomarcus,calliomarcus
epocalium,epocalis
ebulcalium,ebulcalis
camurus,camurus
camerus,camerus
cicendula,cicendulo
aucupāre,aucupāes
capulāre,capulāes
caputrum,caput
captāre,captāo
caprī,caprī
bicaps,bicaps
carrō,carrō
caudica,caudica
cucubiō,cucubiō
caurīre,caurīo
caulus,caulus
cotes,cotes
catanus,catanus
conciliāre,conciliāre
incēnsa,incēnsa
percontārī,percontār
carius,carius
carpisculum,carpisculus
cracentēs,craceo
equirria,equirria
cumbō,cumbo
cauellum,cauellus
clocca,clocca
clingō,clingpa
clepta,cligo
clāuiculae,clāuicula
cluuior,cluuus
cluor,cluor
clunāculum,clunāculum
hīsce,hīscus
citimus,cito
coirauit,coiro
cacabāre,caco
cacillāre,cacillārs
cūcuru,cūcur
serescunt,seresco
coaxare,coaxo
obscaenus,obscaenus
inquināre,inquināe
conquināre,conquināre
ancunulentae,ancunulens
quăsillus,quăsillus
quomque,quomque
tranquīlus,tranquīlus
incolere,incolo
Quorta,quortus
quae,qui
cui,qui
quōr,quōro
quirquir,quirquo
utei,uteum
utra,uter
lāmentāri,lāmentārum
lallus,lallus
Lalla,Lalla
Lallia,Lallia
Lollia,lollia
laetāre,laetārum
labōrāre,labōrāor
dīligere,dīligo
intellegere,intellego
neglegere,neglego
lēgāre,lēgo
litāre,litāer
ligurrio,ligurrius
pollicērī,pollicērī
relicuos,relicuus
lapit,lapio
laudāre,laudāo
luxāre,luxāes
pollūcēre,pollūcēo
loucom,louius
collūcāre,collūcāo
interlūcāre,interlūcār
Losna,Losna
illūstrāre,illūstrār
lūcŭbrāre,lūcŭbrāre
adluuiēs,adluuiēs
mācerāre,mācerāo
mahonus,mahonus
mattiuca,mattior
mihi,ego
moderāre,moderāo
martellus,martellus
prōmulgāre,prōmulgāes
melca,melca
imminēre,imminēe
prōminēre,prōminēe
mōnstrāre,mōnstrār
mantāre,mantār
ēmendāre,ēmendāo
manganum,manganus
sēmēnstris,sēmēnster
mercārī,mercārī
imbractum,imbro
mallum,mallus
mutmut,mutmo
mussāre,mussāre
conmūgentō,conmūgentum
mūgilāre,mūgilāes
mutidus,mutidus
muttō,muttus
Mutunus,Mutunus
nāsum,nāsus
nāssus,nāssus
nāuigāre,nāuigo
dēnicāles,dēnicālis
ēnectāre,ēnectārio
neriōsus,neriōsus
nūntium,nūntius
nuō,nuō
Nōdonti,nōdons
Nōdenti,nōdentus
nuscitiōsus,nuscitiōsus
nouāre,nouāre
odefaciō,odefaciō
ōcissimus,ōcisser
Opscī,Opscī
opere,opus
opiōn,opiōn
osseum,osseus
ossu,os
aureae,aurea
pacunt,paco
prō̆pāgāre,prō̆pāo
paca,paca
panceps,panceps
pedāre,pedārimis
peccāre,peccāer
expedīre,expedīrem
tribřic̨u,tribřic̨us
tribrisine,tribrisine
paenitet,paeniteo
pēminōsus,pēminōsus
plēmināre,plēmināes
plēmināre,plēmināes
plous,plous
pleores,pleor
ploirume,ploirus
plouruma,plourumus
plusima,plusimus
palpor,palpor
palpebrae,palpebra
pultāre,pultus
pollenta,pollentus
Quinctius,Quinctius
peruidēre,peruidēes
prī,po
procum,procus
comparāre,comparāe
imperāre,imperāes
polcher,polcho
pernīs,pernīs
pesna,pesna
propteruus,propteruus
putāre,putārus
putāre,putārus
depuuere,depuuo
amputāre,amputārus
patres,pater
patre,pater
pippitāre,pippitāeo
plōrāre,plōrāo
plācāre,plācāo
Letauia,letaueo
perplouēre,perplouēre
Plautios,plautio
poste,poste
paullus,paullus
pūssus,pūssus
prūrīre,prūrīrias
porrus,porrus
puppa,puppo
pussula,pussula
rabiāre,rabiāor
rigare,rigo
raccāre,raccāor
rancāre,ranco
ragere,ragio
corrigium,corrigium
rētāre,rētāea
rōbius,rōbus
rūmāre,rūmārum
rūmināre,rūmināe
praesaepēs,praesaepēs
sācris,sācer
nesapus,nesapus
sūdum,sūdus
sibī,sibes
souos,souus
Samnītes,samnītis
suad,suad
sōc,sōc
Sēmōnēs,Sēmōnēs
dēsinere,dēsino
siat,sio
sacēna,sacēnus
asignae,asignus
asignas,asignus
īnsece,īnsecio
insectiōnēs,insectiōnν
cōnsulere,cōnsulo
saltāre,saltāer
sarpiō,sarpiō
sarctus,sarcio
calcitrāre,calcitrāre
cappō,cappō
cappulāre,cappulāre
concipilāre,concipilāre
hapia,hapia
Pennocrucium,Pennocrucium
crocina,crocinus
crusina,crusinus
excarpo,excarpum
scarpinat,scarpino
scramis,scramus
screa,screa
screāre,scrio
scrautum,scrauo
būcerda,būceo
scirpea,scirpo
scutilus,scutilus
lurcor,lurcor
medullae,medulla
Natisōn,natisōn
nēmen,nēmeo
prōnuba,prōnuba
solidāre,solido
spīcārium,spīcārium
σπιθίαι,σπιθίαι
respondēre,respondēo
despondēre,despondēo
sparum,sparus
praestināre,praestināre
dēstināre,dēstināre
obstināre,obstināre
praestōlarī,praestōlo
instaurāre,instaurāe
restaurāre,restaurāre
tēgula,tēgula
stlatta,stlatta
prosternere,prosterno
sterculīnum,sterculīnus
sterquilīnum,sterquilīus
tuditāre,tuditāo
stupendus,stupeo
titubāre,titubāo
sīfilō,sīfel
sīfilus,sīfilus
consīderāre,consīderārio
dēsīderāre,dēsīderāre
sulpur,sulo
sonere,sono
insipere,insipeo
surcellus,surcellus
contamināre,contamināe
tālia,tālia
tāliāre,tāliāre
texor,texor
tulam,tula
mālobathrum,mālobo
temperāre,temperāes
antemnā,antemncs
templa,templum
contemplāri,contemplāis
temptō,tempt
attinēre,attinēre
pertinēre,pertinēo
tōlēs,tōlēs
tōnsillae,tōnsilla
prōtēlāre,prōtēlāes
trībulāre,trībulāre
intrāre,intrāer
extrābunt,extrāo
torquēs,torquēs
torrus,torrus
tetrax,tetrax
tucca,tucca
tesqua,tesqua
istum,iste
tutubāre,tutubār
truella,truella
amptruō,amptm
formaticum,formaticus
trucīdāre,trucīdāo
uēnsīca,uēnso
ululāre,ululāris
uassus,uatior
uassallus,uassallus
uolēmum,uolo
uāpulāre,uāpulāre
uatāx,uatāx
uēlāre,uēlāes
uigilāre,uigilio
uehis,uehis
ueia,ueia
uitus,uitus
inuītāre,inuītāre
uidua,uiduus
uēcus,uēcus
uībix,uībix
uolupe,uolus
uolgus,uolgus
Venethi,veneo
uapiō,uapo
uarulus,uarulus
uerbera,uerbum
uerberāre,uerbero
branca,branca
uersiōn,uersiōn
asseuērāre,asseuērār
perseuērāre,perseuērāor
Vlpius,vlpus
