id,match_str,lex_ref_link_id,lex_ref_gloss,lex_master_id,lex_master_gloss,lemma
4548,flīxī,374,NULL,NULL,NULL,flīxī
4552,factud,1108,NULL,NULL,NULL,facio
4553,fīnxī,1136,NULL,NULL,NULL,fīnxī
4554,fiuō,1148,NULL,NULL,NULL,fius
4555,fīxī,1157,NULL,NULL,NULL,fīxī
4556,nāscī,1483,NULL,NULL,NULL,
4559,exuī,2932,NULL,NULL,NULL,exuī
4560,lēuī,2958,NULL,NULL,NULL,lēum
4562,cloāre,3722,NULL,NULL,NULL,cloāer
4563,cecinī,3813,NULL,NULL,NULL,cecus
4567,pepulī,5700,NULL,NULL,NULL,pepulī
4568,pepercī,5777,NULL,NULL,NULL,pepercī
4571,plēuī,5861,NULL,NULL,NULL,plēuī
4577,sēnsī,6617,NULL,NULL,NULL,sēnsī
4578,insipiō,6720,NULL,NULL,NULL,insipiō
4580,carpsī,6985,NULL,NULL,NULL,
4585,tīnxī,7967,NULL,NULL,NULL,tīnxī
4587,uāsī,8466,NULL,NULL,NULL,uāsī
4588,uoluī,8693,NULL,NULL,NULL,uoluī
4591,fer,9331,NULL,NULL,NULL,fero
4592,Dioue,10176,NULL,NULL,NULL,dio
4593,Iouem,10180,NULL,NULL,NULL,ios
4604,acupes,11963,NULL,NULL,NULL,acup
4605,dentum,12116,NULL,NULL,NULL,dentus
4609,arātum,13581,NULL,NULL,NULL,arātus
4610,auctum,13674,NULL,NULL,NULL,aucio
4615,noctium,15986,NULL,NULL,NULL,noctium
4619,patrīnus,16715,NULL,NULL,NULL,patrīnus
4623,inpēnsa,17770,NULL,NULL,NULL,inpēndo
4625,succula,18595,NULL,NULL,NULL,succulum
4629,aeruscāre,20017,NULL,NULL,NULL,aeruscāe
4630,Interocrea,20307,NULL,NULL,NULL,interocreus
4632,Anglii,21426,NULL,NULL,NULL,anglius
4636,babiger,23495,NULL,NULL,NULL,babiger
4637,Fabidius,24311,NULL,NULL,NULL,fabidus
4643,fer,25695,NULL,NULL,NULL,fero
4658,dūrāre,30493,NULL,NULL,NULL,dūrāris
4660,ditus,31362,NULL,NULL,NULL,ditus
4662,fīuō,31857,NULL,NULL,NULL,fīus
4665,dosinus,33372,NULL,NULL,NULL,dosinus
4677,ess,37072,NULL,NULL,NULL,ess
4679,assyr,37300,NULL,NULL,NULL,assyr
4688,gruere,39507,NULL,NULL,NULL,gruo
4692,hirrīre,42605,NULL,NULL,NULL,hirrīo
4698,cucubiō,47609,NULL,NULL,NULL,cucubiō
4739,mōnstrāre,58759,NULL,NULL,NULL,mōnstrār
4750,nouāre,61325,NULL,NULL,NULL,nouāre
4755,opere,61975,NULL,NULL,NULL,opus
4760,palpor,63241,NULL,NULL,NULL,palpor
4762,procum,64127,NULL,NULL,NULL,procus
4764,polcher,64516,NULL,NULL,NULL,polcher
4781,sōc,68429,NULL,NULL,NULL,sōc
4789,calcitrāre,71261,NULL,NULL,NULL,calcitre
4799,σπιθίαι,74797,NULL,NULL,NULL,σπιθίαι
4810,insipere,78822,NULL,NULL,NULL,insipeo
4825,tesqua,81013,NULL,NULL,NULL,tesqua
4844,prodēre,602,NULL,NULL,NULL,prodēo
4846,horitur,1628,NULL,NULL,NULL,horo
4849,memordī,2997,NULL,NULL,NULL,memordmes
4850,iūnxī,3467,NULL,NULL,NULL,iūnxī
4853,lūsī,4608,NULL,NULL,NULL,lūsī
4854,mīsī,5047,NULL,NULL,NULL,
4865,stinxī,7540,NULL,NULL,NULL,stio
4868,uertī,8877,NULL,NULL,NULL,uerto
4872,nudiustertius,10244,NULL,NULL,NULL,nudiuustertus
4876,fēsiae,10710,NULL,NULL,NULL,fēsia
4878,gentum,11185,NULL,NULL,NULL,gentus
4882,nationu,11303,NULL,NULL,NULL,natio
4883,nōtū,11362,NULL,NULL,NULL,nōtū
4885,ōcissimē,11974,NULL,NULL,NULL,ōcissem
4892,Iūnō,13040,NULL,NULL,NULL,eo
4894,angiportum,13279,NULL,NULL,NULL,angiportus
4896,iocinoris,14474,NULL,NULL,NULL,iocinus
4898,canum,15042,NULL,NULL,NULL,canum
4899,licuus,15193,NULL,NULL,NULL,licuus
4900,mātrīnus,15373,NULL,NULL,NULL,mātrīnus
4908,pessumus,16405,NULL,NULL,NULL,pessumus
4911,coctum,16530,NULL,NULL,NULL,coctus
4918,locī,18297,NULL,NULL,NULL,loc
4921,ūrīnārī,19004,NULL,NULL,NULL,ūrīnārī
4927,ēuēlātus,23142,NULL,NULL,NULL,ēuēlātus
4931,Bōcōnia,24388,NULL,NULL,NULL,Bōcōnia
4932,battō,24577,NULL,NULL,NULL,batior
4945,brīsāre,27668,NULL,NULL,NULL,brīsumo
4950,dumnē,28428,NULL,NULL,NULL,dumnum
4951,Iūlius,28599,NULL,NULL,NULL,Iūlius
4962,fēsiae,32709,NULL,NULL,NULL,fēsia
4964,eisdem,33884,NULL,NULL,NULL,idem
4968,heu,34573,NULL,NULL,NULL,heor
4975,assarātum,37301,NULL,NULL,NULL,assarātus
4976,reduuiae,37425,NULL,NULL,NULL,reduuia
4977,galērus,38614,NULL,NULL,NULL,galērus
4983,gerra,40020,NULL,NULL,NULL,gerra
4990,fauissae,43258,NULL,NULL,NULL,fauis
5002,caudica,47527,NULL,NULL,NULL,caudica
5014,Lallia,53887,NULL,NULL,NULL,Lallia
5015,dīligere,54351,NULL,NULL,NULL,dīligo
5016,Losna,56291,NULL,NULL,NULL,losuo
5020,mahonus,56946,NULL,NULL,NULL,mahonus
5022,mihi,57137,NULL,NULL,NULL,ego
5024,micciō,58041,NULL,NULL,NULL,
5032,mutidus,60331,NULL,NULL,NULL,mutidus
5037,nuō,61190,NULL,NULL,NULL,nuō
5049,Quinctius,63727,NULL,NULL,NULL,Quinctius
5062,rūmināre,67800,NULL,NULL,NULL,rūmināe
5076,Pennocrucium,71887,NULL,NULL,NULL,Pennocrucium
5078,scutilus,72992,NULL,NULL,NULL,scutilus
5102,contamināre,79132,NULL,NULL,NULL,contamināe
5112,uāpulāre,82592,NULL,NULL,NULL,uāpulāre
5132,flāre,351,NULL,NULL,NULL,flāer
5133,fūi,506,NULL,NULL,NULL,fūes
5139,ingruī,1944,NULL,NULL,NULL,ingrum
5140,iēcī,2257,NULL,NULL,NULL,iēcī
5141,coēpī,2436,NULL,NULL,NULL,coēpī
5148,cucurrī,3959,NULL,NULL,NULL,cuco
5149,clepere,4053,NULL,NULL,NULL,clepo
5152,parentēs,5753,NULL,NULL,NULL,parentēs
5155,rāsī,6060,NULL,NULL,NULL,rāo
5158,strīnxī,7653,NULL,NULL,NULL,strīnxī
5160,tetinī,7943,NULL,NULL,NULL,tetinus
5161,tetendī,7958,NULL,NULL,NULL,teteo
5162,trūsī,8302,NULL,NULL,NULL,
5163,uīdī,8484,NULL,NULL,NULL,uīdī
5169,genere,11216,NULL,NULL,NULL,genus
5174,nāuex,12877,NULL,NULL,NULL,nāuo
5200,agnīle,19680,NULL,NULL,NULL,agnīl
5202,alterāre,20515,NULL,NULL,NULL,alterme
5203,altercāri,20518,NULL,NULL,NULL,altercāor
5204,coēpi,21642,NULL,NULL,NULL,coēpus
5207,babit,23494,NULL,NULL,NULL,bo
5213,friguttiō,26183,NULL,NULL,NULL,friguttiō
5214,fringuliō,26184,NULL,NULL,NULL,fringulus
5216,frontēsia,26402,NULL,NULL,NULL,frontēius
5219,fuī,26687,NULL,NULL,NULL,fuī
5220,fūī,26688,NULL,NULL,NULL,fūī
5224,dēterrimus,28479,NULL,NULL,NULL,dēterreo
5227,dīcāre,28791,NULL,NULL,NULL,dīcāris
5229,domī,29365,NULL,NULL,NULL,domī
5232,trustis,30289,NULL,NULL,NULL,trustis
5239,fracēre,32250,NULL,NULL,NULL,fracēria
5242,id,33885,NULL,NULL,NULL,is
5245,ēdimus,34238,NULL,NULL,NULL,ēdo
5249,ebulus,34379,NULL,NULL,NULL,ebulus
5251,oitile,34704,NULL,NULL,NULL,oitilis
5257,op,36235,NULL,NULL,NULL,op
5269,glomerāre,38217,NULL,NULL,NULL,glomerāre
5285,fūtilis,43092,NULL,NULL,NULL,fūtilis
5287,betulla,44908,NULL,NULL,NULL,betulla
5288,uoltur,44983,NULL,NULL,NULL,uolo
5289,uolturus,44984,NULL,NULL,NULL,uolo
5290,hahahae,45717,NULL,NULL,NULL,hahaha
5291,iotta,46055,NULL,NULL,NULL,iotta
5294,iousī,46258,NULL,NULL,NULL,
5297,caprī,47203,NULL,NULL,NULL,caprī
5302,conciliāre,48320,NULL,NULL,NULL,conciliāre
5313,cacabāre,51838,NULL,NULL,NULL,caco
5315,serescunt,52465,NULL,NULL,NULL,seresco
5316,ancunulentae,52614,NULL,NULL,NULL,ancunulens
5322,quōr,53652,NULL,NULL,NULL,quōr
5324,lāmentāri,53866,NULL,NULL,NULL,lāmentārum
5325,Lalla,53886,NULL,NULL,NULL,Lalla
5335,adluuiēs,56526,NULL,NULL,NULL,adluuiēs
5349,nuscitiōsus,61261,NULL,NULL,NULL,nuscitiōsus
5353,odefaciō,61481,NULL,NULL,NULL,odefaciō
5357,ploirume,63176,NULL,NULL,NULL,ploirus
5358,pultāre,63252,NULL,NULL,NULL,pultus
5373,pesna,64831,NULL,NULL,NULL,peino
5383,ragere,66873,NULL,NULL,NULL,ragio
5389,souos,68299,NULL,NULL,NULL,souus
5394,dēsinere,68826,NULL,NULL,NULL,dēsino
5409,solidāre,74557,NULL,NULL,NULL,solider
5412,spīcārium,74617,NULL,NULL,NULL,spīcārius
5413,dēstināre,76010,NULL,NULL,NULL,dēstināre
5420,sīfilō,78313,NULL,NULL,NULL,sīfilo
5421,sīfilus,78314,NULL,NULL,NULL,sīfilus
5423,dēsīderāre,78417,NULL,NULL,NULL,dēsīderāes
5430,attinēre,79787,NULL,NULL,NULL,attinēre
5435,torquēs,80477,NULL,NULL,NULL,torqo
5443,uitus,83181,NULL,NULL,NULL,uitus
5453,uersiōn,85394,NULL,NULL,NULL,uersiōn
5455,asseuērāre,85891,NULL,NULL,NULL,asseuērār
5462,foue,1244,NULL,NULL,NULL,foueo
5464,ēdī,2332,NULL,NULL,NULL,ēdī
5469,cubāre,3989,NULL,NULL,NULL,cubāris
5471,cōnīxī,4096,NULL,NULL,NULL,
5472,crepuī,4145,NULL,NULL,NULL,crepuī
5474,lūī,4828,NULL,NULL,NULL,lūī
5477,morirī,5230,NULL,NULL,NULL,mor
5479,peperī,5762,NULL,NULL,NULL,peperī
5481,rēpsī,6115,NULL,NULL,NULL,rēpsī
5483,rūpī,6256,NULL,NULL,NULL,rūpī
5484,sēuī,6362,NULL,NULL,NULL,sēuī
5485,sāgīre,6401,NULL,NULL,NULL,sāgo
5487,insece,6510,NULL,NULL,NULL,insexi
5488,cussī,7065,NULL,NULL,NULL,cussī
5491,nāre,7184,NULL,NULL,NULL,nāre
5492,spexī,7230,NULL,NULL,NULL,
5493,spōnsis,7249,NULL,NULL,NULL,spōnsis
5498,uerērī,8794,NULL,NULL,NULL,uerērī
5500,Fort,9286,NULL,NULL,NULL,Fort
5501,datum,9979,NULL,NULL,NULL,do
5502,datum,10039,NULL,NULL,NULL,do
5512,auscultāre,13799,NULL,NULL,NULL,auscultāre
5513,anticuus,14276,NULL,NULL,NULL,anticuus
5515,iouxmenta,14522,NULL,NULL,NULL,iouxmens
5519,auscultāre,14827,NULL,NULL,NULL,auscultāre
5527,roudus,17031,NULL,NULL,NULL,roudus
5534,auillus,19694,NULL,NULL,NULL,auillus
5537,allers,20497,NULL,NULL,NULL,allero
5538,adolēscere,20552,NULL,NULL,NULL,adolēsco
5539,allers,21948,NULL,NULL,NULL,allers
5543,auca,23289,NULL,NULL,NULL,auca
5550,fringuilla,26187,NULL,NULL,NULL,fringuillus
5554,forem,26690,NULL,NULL,NULL,forior
5559,dīcere,28790,NULL,NULL,NULL,dīceo
5561,domās,29419,NULL,NULL,NULL,domās
5562,drauoca,29908,NULL,NULL,NULL,drauocus
5564,datum,30735,NULL,NULL,NULL,do
5567,perdere,31393,NULL,NULL,NULL,perdo
5570,fēlō,31766,NULL,NULL,NULL,fēlō
5571,danea,32165,NULL,NULL,NULL,daneus
5573,ēdī,33837,NULL,NULL,NULL,
5576,ēdī,34237,NULL,NULL,NULL,ēdī
5587,galbeus,38132,NULL,NULL,NULL,galbeus
5590,germināre,39018,NULL,NULL,NULL,germināes
5594,dēgūnō,40415,NULL,NULL,NULL,dēgūnōa
5609,iouxmenta,46142,NULL,NULL,NULL,iouxmens
5612,epocalium,46927,NULL,NULL,NULL,epocalis
5613,capulāre,47091,NULL,NULL,NULL,capulāes
5633,cūcuru,51861,NULL,NULL,NULL,cūco
5641,intellegere,54352,NULL,NULL,NULL,intellego
5654,illūstrāre,56294,NULL,NULL,NULL,illūstrāre
5661,martellus,58083,NULL,NULL,NULL,martellus
5662,prōminēre,58648,NULL,NULL,NULL,prōminēe
5667,nāuigāre,60423,NULL,NULL,NULL,nāuigo
5670,Nōdonti,61251,NULL,NULL,NULL,nōdons
5677,paenitet,62640,NULL,NULL,NULL,paeniteo
5681,plusima,63178,NULL,NULL,NULL,plusimus
5701,rancāre,66864,NULL,NULL,NULL,ranco
5706,rūmāre,67799,NULL,NULL,NULL,rūmārum
5711,īnsece,69267,NULL,NULL,NULL,īnsecio
5715,sarctus,70184,NULL,NULL,NULL,sarcio
5718,screāre,72444,NULL,NULL,NULL,scrio
5719,scirpea,72591,NULL,NULL,NULL,scirpo
5733,stupendus,77928,NULL,NULL,NULL,stupeo
5737,tālia,79179,NULL,NULL,NULL,tālia
5740,pertinēre,79788,NULL,NULL,NULL,pertinēo
5744,trībulāre,80110,NULL,NULL,NULL,trībulāre
5769,flēre,349,NULL,NULL,NULL,flēer
5774,algēre,2790,NULL,NULL,NULL,algēer
5775,ind,2937,NULL,NULL,NULL,ind
5776,oit,3195,NULL,NULL,NULL,oita
5777,meiere,3264,NULL,NULL,NULL,meieo
5780,mersī,5267,NULL,NULL,NULL,
5786,nēuī,7174,NULL,NULL,NULL,nēuī
5787,tēxī,7413,NULL,NULL,NULL,tēxī
5788,tonuī,7544,NULL,NULL,NULL,tonuī
5790,tersī,8015,NULL,NULL,NULL,
5794,uēxī,8441,NULL,NULL,NULL,uēxī
5802,diem,10212,NULL,NULL,NULL,dies
5806,būbus,11834,NULL,NULL,NULL,būbus
5808,itum,12281,NULL,NULL,NULL,itum
5814,iuga,14513,NULL,NULL,NULL,iuga
5815,iugulae,14582,NULL,NULL,NULL,iugulis
5817,cōtēs,14677,NULL,NULL,NULL,cōtēs
5819,leuior,15175,NULL,NULL,NULL,leuis
5833,ammentum,19445,NULL,NULL,NULL,ammentum
5834,exigere,19466,NULL,NULL,NULL,exigo
5836,acuere,20196,NULL,NULL,NULL,acuo
5842,uentilāre,23091,NULL,NULL,NULL,uentilāre
5844,ballāre,23590,NULL,NULL,NULL,ballāris
5845,Baunonia,24321,NULL,NULL,NULL,baunonius
5846,broccus,24437,NULL,NULL,NULL,broccus
5848,blatea,25008,NULL,NULL,NULL,blateus
5855,dacruma,28299,NULL,NULL,NULL,dacruma
5862,δρυναίμετον,30235,NULL,NULL,NULL,
5877,aiiō,34426,NULL,NULL,NULL,aiiō
5880,enter,35667,NULL,NULL,NULL,ensto
5881,interus,35674,NULL,NULL,NULL,interus
5884,tūne,36074,NULL,NULL,NULL,tūne
5895,hippitāre,41538,NULL,NULL,NULL,hippitāeo
5897,uallessit,44382,NULL,NULL,NULL,uallo
5902,iugulae,46131,NULL,NULL,NULL,iugula
5908,cicendula,47046,NULL,NULL,NULL,cicendulo
5912,cotes,47935,NULL,NULL,NULL,cotes
5922,coirauit,51829,NULL,NULL,NULL,coiro
5923,cūcurriō,51860,NULL,NULL,NULL,
5926,obscaenus,52610,NULL,NULL,NULL,obscaenus
5927,inquināre,52611,NULL,NULL,NULL,inquināe
5934,laudāre,55950,NULL,NULL,NULL,laudāo
5936,luxāre,56111,NULL,NULL,NULL,luxāes
5938,loucom,56284,NULL,NULL,NULL,louius
5954,ēmendāre,58883,NULL,NULL,NULL,ēmendāo
5955,manganum,58976,NULL,NULL,NULL,manganus
5961,Nōdenti,61252,NULL,NULL,NULL,nōdentus
5966,Opscī,61955,NULL,NULL,NULL,Opscī
5987,rētāre,67295,NULL,NULL,NULL,rētāea
6005,sarpiō,70170,NULL,NULL,NULL,sarpiō
6012,scarpinat,72320,NULL,NULL,NULL,scarpino
6014,scrautum,72519,NULL,NULL,NULL,scrauo
6016,nēmen,74150,NULL,NULL,NULL,nēmen
6022,σπιθάμη,74796,NULL,NULL,NULL,σπιθάμη
6026,despondēre,75100,NULL,NULL,NULL,despondēo
6032,sulpur,78653,NULL,NULL,NULL,sulpus
6037,mālobathrum,79677,NULL,NULL,NULL,mālobo
6048,tongeō,81160,NULL,NULL,NULL,
6058,uolgus,84278,NULL,NULL,NULL,uolgus
6065,flāgō,359,NULL,NULL,NULL,flāgō
6070,ēsse,2322,NULL,NULL,NULL,ēsse
6075,lūcēre,4877,NULL,NULL,NULL,lūcēes
6077,adnuī,5468,NULL,NULL,NULL,adnus
6082,sūxī,6703,NULL,NULL,NULL,sūxī
6083,carrō,6988,NULL,NULL,NULL,carrō
6101,heredei,12022,NULL,NULL,NULL,heredior
6102,ēsse,12083,NULL,NULL,NULL,ēsse
6103,praitor,12250,NULL,NULL,NULL,praitor
6107,arua,13574,NULL,NULL,NULL,arua
6111,iniuges,14504,NULL,NULL,NULL,inius
6115,mollior,15673,NULL,NULL,NULL,bollis
6120,ādes,16238,NULL,NULL,NULL,ādes
6130,instaurāre,18021,NULL,NULL,NULL,instaurāe
6134,indigitāre,19463,NULL,NULL,NULL,indigitāo
6139,pōrcet,21813,NULL,NULL,NULL,pōrceo
6141,boāre,23797,NULL,NULL,NULL,boāre
6158,Decumius,29009,NULL,NULL,NULL,decum
6161,Truentus,29683,NULL,NULL,NULL,truo
6163,danunt,30711,NULL,NULL,NULL,do
6164,crēdere,31394,NULL,NULL,NULL,crēdus
6171,eira,34936,NULL,NULL,NULL,eira
6173,emptum,35500,NULL,NULL,NULL,eo
6174,erat,37157,NULL,NULL,NULL,sum
6177,Zypressenzapfen,38133,NULL,NULL,NULL,Zypressenzapfen
6178,glūttō,38518,NULL,NULL,NULL,glūttō
6180,ignārurēs,39198,NULL,NULL,NULL,ignārurēs
6187,exippitāre,41539,NULL,NULL,NULL,exippetārio
6202,facētiae,45683,NULL,NULL,NULL,facētia
6210,aucupāre,47085,NULL,NULL,NULL,aucupāes
6213,carrō,47387,NULL,NULL,NULL,carrō
6220,carpisculum,50158,NULL,NULL,NULL,carpisculus
6226,cluuior,51502,NULL,NULL,NULL,cluuus
6227,clunāculum,51624,NULL,NULL,NULL,clunāculum
6229,citimus,51715,NULL,NULL,NULL,cito
6239,lallus,53885,NULL,NULL,NULL,lallus
6241,neglegere,54353,NULL,NULL,NULL,neglego
6262,ossu,62098,NULL,NULL,NULL,os
6267,paca,62359,NULL,NULL,NULL,paca
6268,tribřic̨u,62610,NULL,NULL,NULL,tribřic̨us
6269,pēminōsus,62657,NULL,NULL,NULL,pēminōsus
6274,imperāre,64336,NULL,NULL,NULL,imperāes
6278,patre,65011,NULL,NULL,NULL,pater
6280,plācāre,65126,NULL,NULL,NULL,plācāo
6293,sūdum,68189,NULL,NULL,NULL,sūdus
6313,screa,72443,NULL,NULL,NULL,screa
6322,praestināre,76009,NULL,NULL,NULL,praestināre
6326,instaurāre,76281,NULL,NULL,NULL,instaurāe
6329,stlatta,76905,NULL,NULL,NULL,stlatta
6361,uolupe,84232,NULL,NULL,NULL,uolus
6368,gnōuī,1538,NULL,NULL,NULL,gngo
6370,offendere,2171,NULL,NULL,NULL,offendo
6371,ier,2363,NULL,NULL,NULL,ier
6372,ēgī,2700,NULL,NULL,NULL,ēgī
6373,icō,2737,NULL,NULL,NULL,icō
6374,hausī,2943,NULL,NULL,NULL,hausī
6377,dēlēre,3208,NULL,NULL,NULL,dēlēir
6378,cecidī,3488,NULL,NULL,NULL,cecidulum
6379,perculī,3908,NULL,NULL,NULL,perculī
6380,cecidī,4015,NULL,NULL,NULL,cecidulum
6381,quiēuī,4457,NULL,NULL,NULL,quiēus
6383,luere,4835,NULL,NULL,NULL,luo
6384,misc,5011,NULL,NULL,NULL,misc
6385,plexī,5919,NULL,NULL,NULL,
6387,sarsī,6650,NULL,NULL,NULL,sarsī
6390,spepondī,7251,NULL,NULL,NULL,spepon
6391,sprēuī,7353,NULL,NULL,NULL,sprēuī
6394,attulat,7870,NULL,NULL,NULL,attulo
6398,tuī,8131,NULL,NULL,NULL,tuī
6400,uorrī,8865,NULL,NULL,NULL,uorr
6418,Iouuem,12617,NULL,NULL,NULL,iosus
6421,aureae,14419,NULL,NULL,NULL,aurea
6422,iecinoris,14472,NULL,NULL,NULL,iecinor
6425,mūscerdae,14809,NULL,NULL,NULL,mūscerdus
6426,Cloelia,14935,NULL,NULL,NULL,cloelia
6430,breuissimus,15895,NULL,NULL,NULL,breuissus
6434,patrēs,16633,NULL,NULL,NULL,patrēs
6437,salis,17147,NULL,NULL,NULL,salum
6444,Praestita,18013,NULL,NULL,NULL,praesto
6453,īcō,19969,NULL,NULL,NULL,īcō
6456,ollīc,20425,NULL,NULL,NULL,ollex
6457,ālus,20886,NULL,NULL,NULL,ālus
6461,bambalō,23532,NULL,NULL,NULL,bambalis
6463,bālāre,23718,NULL,NULL,NULL,bālāi
6468,horctus,26285,NULL,NULL,NULL,horctus
6489,Furiae,33266,NULL,NULL,NULL,furia
6490,forēs,33723,NULL,NULL,NULL,forēs
6504,glēbō,38148,NULL,NULL,NULL,glēbō
6505,gelū,38519,NULL,NULL,NULL,gelū
6513,gnāruris,39197,NULL,NULL,NULL,gnārus
6520,gabulum,40927,NULL,NULL,NULL,gabulus
6524,offendere,45492,NULL,NULL,NULL,offendo
6528,camerus,46970,NULL,NULL,NULL,camerus
6530,caputrum,47092,NULL,NULL,NULL,caput
6546,cauellum,50846,NULL,NULL,NULL,cauellus
6550,coaxare,52580,NULL,NULL,NULL,coaxo
6552,quomque,52944,NULL,NULL,NULL,quomque
6561,pollūcēre,56276,NULL,NULL,NULL,pollūcēo
6562,interlūcāre,56286,NULL,NULL,NULL,interlūcār
6565,mattiuca,57037,NULL,NULL,NULL,mattiuca
6577,mutmut,60179,NULL,NULL,NULL,mutmo
6581,dēnicāles,60834,NULL,NULL,NULL,dēnicālis
6582,ēnectāre,60837,NULL,NULL,NULL,ēnectārio
6585,opiōn,61976,NULL,NULL,NULL,opiōn
6587,aureae,62205,NULL,NULL,NULL,aurea
6589,panceps,62413,NULL,NULL,NULL,panceps
6607,patres,65008,NULL,NULL,NULL,pater
6609,pippitāre,65083,NULL,NULL,NULL,pippitāeo
6636,cappō,71469,NULL,NULL,NULL,cappō
6645,Natisōn,74065,NULL,NULL,NULL,natisōn
6648,respondēre,75099,NULL,NULL,NULL,respondēo
6676,uassus,82223,NULL,NULL,NULL,uatior
6677,uassallus,82224,NULL,NULL,NULL,uassallus
6691,perseuērāre,85892,NULL,NULL,NULL,perseuērāor
6695,fārī,69,NULL,NULL,NULL,fāo
6697,figere,1149,NULL,NULL,NULL,figeo
6698,ioubē,2268,NULL,NULL,NULL,ioubē
6699,mulsī,2275,NULL,NULL,NULL,mulsīa
6700,ēmī,2419,NULL,NULL,NULL,ēmī
6701,mulsī,2984,NULL,NULL,NULL,mulsus
6702,momordī,2996,NULL,NULL,NULL,momor
6704,rēxī,3310,NULL,NULL,NULL,
6706,līnxī,4624,NULL,NULL,NULL,
6711,adnuō,5471,NULL,NULL,NULL,adnus
6713,pepugī,5826,NULL,NULL,NULL,pepugī
6722,tetigī,7798,NULL,NULL,NULL,tetigo
6731,conditum,10681,NULL,NULL,NULL,condo
6735,ōcissimus,11973,NULL,NULL,NULL,ōcisser
6740,iocineris,14473,NULL,NULL,NULL,iocinera
6741,iūgera,14539,NULL,NULL,NULL,iūgerum
6743,iugulus,14581,NULL,NULL,NULL,iugulus
6746,cane,15041,NULL,NULL,NULL,canis
6750,breuior,15887,NULL,NULL,NULL,breuis
6752,nāuem,16088,NULL,NULL,NULL,nāuio
6754,nepōtis,16138,NULL,NULL,NULL,nepōtus
6768,torrus,18842,NULL,NULL,NULL,torrus
6769,torrus,18843,NULL,NULL,NULL,torrus
6771,utrem,18910,NULL,NULL,NULL,utra
6773,indigitēs,19462,NULL,NULL,NULL,indigitēo
6777,altāre,20674,NULL,NULL,NULL,altār
6779,antidīre,21553,NULL,NULL,NULL,antidīrus
6781,uatillum,23162,NULL,NULL,NULL,uatillus
6783,Fabāria,24312,NULL,NULL,NULL,Fabāria
6789,horctis,26286,NULL,NULL,NULL,horco
6799,derbita,29926,NULL,NULL,NULL,derbio
6803,duae,30982,NULL,NULL,NULL,duo
6804,dui,31026,NULL,NULL,NULL,duus
6805,conditum,31372,NULL,NULL,NULL,condo
6806,effēta,31792,NULL,NULL,NULL,effēta
6815,ēmī,35498,NULL,NULL,NULL,ēmīo
6823,sunt,37077,NULL,NULL,NULL,sum
6824,siēs,37167,NULL,NULL,NULL,siēs
6830,grundiō,40775,NULL,NULL,NULL,grundiō
6837,heus,43431,NULL,NULL,NULL,heo
6840,iūgera,46138,NULL,NULL,NULL,iūgerum
6860,equirria,50291,NULL,NULL,NULL,equirria
6863,clepta,51388,NULL,NULL,NULL,cligo
6890,melca,58517,NULL,NULL,NULL,melca
6899,neriōsus,61050,NULL,NULL,NULL,neriōsus
6902,ōcissimus,61655,NULL,NULL,NULL,ōcisser
6907,osseum,62097,NULL,NULL,NULL,osseus
6909,expedīre,62608,NULL,NULL,NULL,expedīrem
6922,comparāre,64312,NULL,NULL,NULL,comparāe
6930,poste,65774,NULL,NULL,NULL,possus
6945,crocina,72228,NULL,NULL,NULL,crocinus
6949,scaturriō,72699,NULL,NULL,NULL,
6974,templa,79720,NULL,NULL,NULL,templum
6980,torrus,80566,NULL,NULL,NULL,torrus
6989,Venus,84780,NULL,NULL,NULL,Venus
6994,fūgī,292,NULL,NULL,NULL,fūgī
6996,fuās,507,NULL,NULL,NULL,fuās
6997,dīxī,649,NULL,NULL,NULL,dīxī
6999,reddere,1048,NULL,NULL,NULL,reddo
7000,reddidī,1079,NULL,NULL,NULL,reddo
7002,genunt,1464,NULL,NULL,NULL,gigo
7007,dēmpsī,2421,NULL,NULL,NULL,dēmpsī
7009,alere,2769,NULL,NULL,NULL,aliuo
7011,lēxī,2952,NULL,NULL,NULL,
7017,coluī,4339,NULL,NULL,NULL,coluī
7021,micuī,5029,NULL,NULL,NULL,micus
7022,comminīscī,5137,NULL,NULL,NULL,comminīer
7024,ēmūnxī,5300,NULL,NULL,NULL,
7025,pinxī,5587,NULL,NULL,NULL,pinxus
7027,pungere,5825,NULL,NULL,NULL,pungo
7028,pupugī,5827,NULL,NULL,NULL,pupugo
7030,scandī,6917,NULL,NULL,NULL,scandī
7033,uellī,8712,NULL,NULL,NULL,ueller
7034,ursī,8968,NULL,NULL,NULL,urso
7036,reddere,9991,NULL,NULL,NULL,reddo
7038,biduum,10267,NULL,NULL,NULL,biduus
7055,nāuium,16090,NULL,NULL,NULL,nāuitus
7070,suodālēs,18378,NULL,NULL,NULL,suodālēs
7074,rēmigāre,19459,NULL,NULL,NULL,rēmigor
7075,aestumō,19996,NULL,NULL,NULL,
7076,amma,20994,NULL,NULL,NULL,amma
7077,ānsae,21494,NULL,NULL,NULL,ānsa
7078,antārium,21555,NULL,NULL,NULL,antārius
7080,auxilis,23255,NULL,NULL,NULL,auxilis
7088,fulgus,25383,NULL,NULL,NULL,fulgus
7092,fuam,26692,NULL,NULL,NULL,fuam
7093,bō,26695,NULL,NULL,NULL,bō
7094,futāuit,26696,NULL,NULL,NULL,futāo
7102,biduum,28627,NULL,NULL,NULL,biduus
7108,domuī,29420,NULL,NULL,NULL,domus
7112,condidī,31391,NULL,NULL,NULL,condus
7116,emem,33888,NULL,NULL,NULL,emeo
7126,estis,37076,NULL,NULL,NULL,sum
7127,esa,37246,NULL,NULL,NULL,esa
7151,iuuāre,46095,NULL,NULL,NULL,iuuāre
7156,iouestōd,46312,NULL,NULL,NULL,iouester
7175,clocca,51159,NULL,NULL,NULL,clocca
7184,quae,53509,NULL,NULL,NULL,qui
7199,relicuos,55098,NULL,NULL,NULL,relicuus
7235,pedāre,62523,NULL,NULL,NULL,pedārimis
7237,plēmināre,63113,NULL,NULL,NULL,plēmināes
7239,plēmināre,63138,NULL,NULL,NULL,plēmināes
7241,plouruma,63177,NULL,NULL,NULL,plourumus
7242,pollenta,63308,NULL,NULL,NULL,pollentus
7247,prī,63920,NULL,NULL,NULL,po
7285,hapia,71478,NULL,NULL,NULL,hapio
7292,obstināre,76012,NULL,NULL,NULL,obstināre
7313,aestumō,79621,NULL,NULL,NULL,
7316,tōnsillae,79962,NULL,NULL,NULL,tōnsilla
7325,uēnsīca,82134,NULL,NULL,NULL,uēnsīca
7343,fulsī,340,NULL,NULL,NULL,fulsīa
7345,fremere,454,NULL,NULL,NULL,fremo
7347,trāxī,1342,NULL,NULL,NULL,trāo
7348,suffire,1386,NULL,NULL,NULL,suffirio
7349,fūdī,1666,NULL,NULL,NULL,fūdī
7350,prehendī,1837,NULL,NULL,NULL,prehendī
7351,ussī,2551,NULL,NULL,NULL,ussī
7353,auēre,2921,NULL,NULL,NULL,auēro
7354,auxī,2926,NULL,NULL,NULL,aux
7360,lūxī,4868,NULL,NULL,NULL,lūxī
7363,pauīre,5853,NULL,NULL,NULL,pauīrium
7368,serpsī,6657,NULL,NULL,NULL,serlo
7369,scicidī,6841,NULL,NULL,NULL,scicio
7370,scidi,6842,NULL,NULL,NULL,scido
7372,scrīpsī,7042,NULL,NULL,NULL,scrīpsī
7373,spuī,7329,NULL,NULL,NULL,spuī
7375,attigās,7796,NULL,NULL,NULL,attingo
7377,torpēre,8084,NULL,NULL,NULL,torpēa
7380,perendinō,10133,NULL,NULL,NULL,perendo
7381,Iouis,10181,NULL,NULL,NULL,ios
7388,iteris,12237,NULL,NULL,NULL,iter
7391,agī,12880,NULL,NULL,NULL,agī
7393,anctus,13313,NULL,NULL,NULL,anctus
7394,hālāre,13403,NULL,NULL,NULL,hālār
7403,tripodāre,16357,NULL,NULL,NULL,tripodāesis
7404,peccāre,16398,NULL,NULL,NULL,peccāer
7406,rūbius,17068,NULL,NULL,NULL,rūbus
7409,niuem,17676,NULL,NULL,NULL,niuis
7413,statum,18125,NULL,NULL,NULL,status
7418,agī,19420,NULL,NULL,NULL,agī
7419,aestuāre,19794,NULL,NULL,NULL,aestuāre
7421,anatīna,21238,NULL,NULL,NULL,anatīnus
7423,argīla,22269,NULL,NULL,NULL,argīlum
7424,sollennis,22412,NULL,NULL,NULL,sollennus
7434,barmbraccus,27496,NULL,NULL,NULL,barmbraccus
7437,agedum,28424,NULL,NULL,NULL,ago
7438,manedum,28425,NULL,NULL,NULL,manex
7439,Iouis,28593,NULL,NULL,NULL,iouis
7447,fōculum,31655,NULL,NULL,NULL,fōculus
7455,infestāre,32684,NULL,NULL,NULL,infestār
7466,Eprius,36187,NULL,NULL,NULL,eprius
7467,triresmom,36943,NULL,NULL,NULL,triresma
7468,aser,37299,NULL,NULL,NULL,aser
7488,boue,45016,NULL,NULL,NULL,bos
7502,bicaps,47226,NULL,NULL,NULL,bico
7504,catanus,47937,NULL,NULL,NULL,catanus
7514,clingō,51339,NULL,NULL,NULL,clingo
7518,cacillāre,51840,NULL,NULL,NULL,cacillārs
7522,utei,53747,NULL,NULL,NULL,utor
7523,Lollia,53889,NULL,NULL,NULL,lollia
7529,collūcāre,56285,NULL,NULL,NULL,collūcāo
7543,mercārī,59462,NULL,NULL,NULL,mercārī
7546,nāssus,60399,NULL,NULL,NULL,nāssus
7556,peccāre,62604,NULL,NULL,NULL,peccāer
7558,plous,63171,NULL,NULL,NULL,plous
7561,peruidēre,63874,NULL,NULL,NULL,peruidēes
7570,plōrāre,65119,NULL,NULL,NULL,plōrāo
7572,Plautios,65598,NULL,NULL,NULL,plautio
7592,nesapus,68142,NULL,NULL,NULL,nesapus
7593,sibī,68254,NULL,NULL,NULL,sibo
7594,suad,68408,NULL,NULL,NULL,suo
7597,cōnsulere,69378,NULL,NULL,NULL,cōnsulo
7624,prosternere,77669,NULL,NULL,NULL,prosterno
7625,sterquilīnum,77767,NULL,NULL,NULL,sterquilīus
7626,tuditāre,77887,NULL,NULL,NULL,tuditāo
7631,contemplāri,79721,NULL,NULL,NULL,contemplār
7632,tōlēs,79961,NULL,NULL,NULL,tōlēs
7633,prōtēlāre,79964,NULL,NULL,NULL,prōtēlāes
7638,tetrax,80606,NULL,NULL,NULL,tetrax
7646,uolēmum,82520,NULL,NULL,NULL,uolo
7648,uatāx,82617,NULL,NULL,NULL,uatāx
7653,uissiō,83993,NULL,NULL,NULL,uissiō
7657,uerberāre,85152,NULL,NULL,NULL,uerberār
7666,fruī,485,NULL,NULL,NULL,fruī
7667,didicī,675,NULL,NULL,NULL,didex
7668,didicī,676,NULL,NULL,NULL,didex
7669,fēcī,1104,NULL,NULL,NULL,fēcī
7672,iī,2383,NULL,NULL,NULL,iī
7673,crēuī,3625,NULL,NULL,NULL,crēuī
7674,crēuī,4102,NULL,NULL,NULL,crēuī
7676,lēgī,4510,NULL,NULL,NULL,lēgī
7677,polluī,4787,NULL,NULL,NULL,polluī
7681,pacunt,5550,NULL,NULL,NULL,paco
7685,sparsī,7378,NULL,NULL,NULL,sparsī
7696,imbus,9696,NULL,NULL,NULL,is
7698,Iuppiter,10178,NULL,NULL,NULL,iuppiter
7699,Iūpiter,10179,NULL,NULL,NULL,Iūpiter
7700,diēī,10213,NULL,NULL,NULL,dico
7701,deiuos,10278,NULL,NULL,NULL,deiuus
7704,genta,11111,NULL,NULL,NULL,gentus
7707,nōtum,11361,NULL,NULL,NULL,nōo
7715,aeuus,13014,NULL,NULL,NULL,aeuus
7717,sēiuges,14505,NULL,NULL,NULL,sēio
7719,maiosibus,15562,NULL,NULL,NULL,maios
7722,nouior,16208,NULL,NULL,NULL,nouus
7725,coctū,16531,NULL,NULL,NULL,coco
7726,patrem,16631,NULL,NULL,NULL,pater
7727,Iuppiter,16666,NULL,NULL,NULL,iuppiter
7739,aeuus,20092,NULL,NULL,NULL,aeuus
7741,ancrae,21405,NULL,NULL,NULL,ancra
7746,bēbō,23717,NULL,NULL,NULL,bēbo
7750,uidubium,24946,NULL,NULL,NULL,uidubia
7757,bam,26693,NULL,NULL,NULL,bam
7760,blundus,27205,NULL,NULL,NULL,blundus
7766,Iuppiter,28590,NULL,NULL,NULL,iuppiter
7767,dīum,28638,NULL,NULL,NULL,dīus
7768,indīcāre,28799,NULL,NULL,NULL,indīo
7769,trIcontis,28999,NULL,NULL,NULL,tricons
7782,eh,33834,NULL,NULL,NULL,eh
7786,edulus,34339,NULL,NULL,NULL,edulus
7789,eh,34581,NULL,NULL,NULL,eh
7790,iēns,34604,NULL,NULL,NULL,iēns
7791,ĭī,34607,NULL,NULL,NULL,ĭī
7796,egone,36073,NULL,NULL,NULL,ego
7811,hēdus,40942,NULL,NULL,NULL,hēdus
7816,helusa,41983,NULL,NULL,NULL,helusa
7821,Iegius,45859,NULL,NULL,NULL,ieges
7847,tranquīlus,53101,NULL,NULL,NULL,tranquīlus
7865,lūcŭbrāre,56297,NULL,NULL,NULL,lūcŭbrāre
7879,prōmulgāre,58484,NULL,NULL,NULL,prōmulgāes
7883,mallum,59913,NULL,NULL,NULL,mallus
7885,nāsum,60398,NULL,NULL,NULL,nāsus
7888,nūntium,61182,NULL,NULL,NULL,nūntius
7892,pacunt,62348,NULL,NULL,NULL,paco
7908,pernīs,64642,NULL,NULL,NULL,pernīs
7912,paullus,65851,NULL,NULL,NULL,paullus
7915,porrus,66088,NULL,NULL,NULL,porrus
7918,raccāre,66863,NULL,NULL,NULL,raccāor
7919,corrigium,66990,NULL,NULL,NULL,corrigium
7932,sacēna,69122,NULL,NULL,NULL,sacēnus
7933,saltāre,69410,NULL,NULL,NULL,saltāer
7939,būcerda,72552,NULL,NULL,NULL,būceo
7942,medullae,73989,NULL,NULL,NULL,medulla
7943,prōnuba,74421,NULL,NULL,NULL,prōnuba
7945,praestōlarī,76060,NULL,NULL,NULL,praestōlo
7955,temperāre,79717,NULL,NULL,NULL,temperāes
7957,antemnā,79719,NULL,NULL,NULL,antemncs
7958,extrābunt,80364,NULL,NULL,NULL,extrāo
7961,turgiō,80858,NULL,NULL,NULL,turgiō
7967,trucīdāre,82007,NULL,NULL,NULL,trucīdāo
7971,uēlāre,82830,NULL,NULL,NULL,uēlāes
7972,uehis,82988,NULL,NULL,NULL,uehis
7974,uidua,83555,NULL,NULL,NULL,uiduus
7976,Venethi,84775,NULL,NULL,NULL,veneo
7983,dolēre,727,NULL,NULL,NULL,dolēa
7984,dūxī,866,NULL,NULL,NULL,
7990,ire,2361,NULL,NULL,NULL,eo
7997,līquī,4668,NULL,NULL,NULL,līquī
7999,adnūit,5467,NULL,NULL,NULL,adnūo
8003,rŭdere,6213,NULL,NULL,NULL,rŭdo
8004,inquit,6506,NULL,NULL,NULL,inquam
8005,inquit,6517,NULL,NULL,NULL,inquam
8007,accendī,6925,NULL,NULL,NULL,accendī
8009,nēs,7165,NULL,NULL,NULL,nēs
8010,nāuī,7188,NULL,NULL,NULL,nāuī
8012,pependī,7259,NULL,NULL,NULL,pepeo
8014,tagam,7795,NULL,NULL,NULL,tago
8018,uertor,8876,NULL,NULL,NULL,ueror
8019,uiēre,8942,NULL,NULL,NULL,uio
8020,ringī,9003,NULL,NULL,NULL,ringo
8025,dare,9990,NULL,NULL,NULL,do
8026,Diouos,10175,NULL,NULL,NULL,diouus
8029,Vēdius,10245,NULL,NULL,NULL,vēduus
8031,carnufex,10796,NULL,NULL,NULL,carnufo
8041,esu,12077,NULL,NULL,NULL,esus
8042,itū,12282,NULL,NULL,NULL,itū
8051,iuges,14514,NULL,NULL,NULL,iuges
8055,Clouātius,14936,NULL,NULL,NULL,clouātus
8056,membrānum,15736,NULL,NULL,NULL,membrānus
8057,nāuī,16089,NULL,NULL,NULL,nāuī
8074,aquifolium,20199,NULL,NULL,NULL,aquifolium
8079,abolēscere,20554,NULL,NULL,NULL,abolēsco
8080,albarus,20738,NULL,NULL,NULL,albarus
8081,Albia,20775,NULL,NULL,NULL,Albia
8082,ampla,20965,NULL,NULL,NULL,amplus
8092,Ζεὺς,25527,NULL,NULL,NULL,Ζεὺς
8098,forctus,26284,NULL,NULL,NULL,forior
8107,Vēdiū̆s,28603,NULL,NULL,NULL,vēdiūis
8111,duenos,30391,NULL,NULL,NULL,duenus
8125,eam,33917,NULL,NULL,NULL,is
8128,hinuleus,35177,NULL,NULL,NULL,hinuleus
8131,septeresmom,36944,NULL,NULL,NULL,septer
8132,siet,37168,NULL,NULL,NULL,sio
8144,nēgi,41349,NULL,NULL,NULL,nēgus
8148,fordeum,43006,NULL,NULL,NULL,fordes
8153,aduenam,43989,NULL,NULL,NULL,aduena
8155,uigēre,44221,NULL,NULL,NULL,uigeo
8165,iūges,46175,NULL,NULL,NULL,iūgo
8167,calliomarcus,46926,NULL,NULL,NULL,calliomarcus
8168,camurus,46969,NULL,NULL,NULL,camurus
8170,caulus,47645,NULL,NULL,NULL,caulus
8192,cui,53520,NULL,NULL,NULL,qui
8197,lēgāre,54358,NULL,NULL,NULL,lēgo
8199,ligurrio,55035,NULL,NULL,NULL,ligurrius
8211,imminēre,58647,NULL,NULL,NULL,imminēe
8212,mantāre,58845,NULL,NULL,NULL,mantār
8223,mūgilāre,60238,NULL,NULL,NULL,mūgilāre
8235,pleores,63173,NULL,NULL,NULL,pleor
8246,perplouēre,65441,NULL,NULL,NULL,perplouēre
8249,puppa,66168,NULL,NULL,NULL,puppo
8250,rabiāre,66361,NULL,NULL,NULL,rabiāor
8256,rōbius,67690,NULL,NULL,NULL,rōbus
8262,asignae,69124,NULL,NULL,NULL,asignus
8263,insectiōnēs,69268,NULL,NULL,NULL,insectiōnν
8276,scramis,72395,NULL,NULL,NULL,scramo
8295,amptruō,81889,NULL,NULL,NULL,amptm
8308,uerbera,85151,NULL,NULL,NULL,uerbum
8311,Vlpius,86666,NULL,NULL,NULL,vlpus
8315,dedī,615,NULL,NULL,NULL,desīim
8318,aī̆s,2706,NULL,NULL,NULL,aī̆s
8321,querī,3799,NULL,NULL,NULL,quer
8324,mānsī,5178,NULL,NULL,NULL,
8326,pāuī,5533,NULL,NULL,NULL,pāuī
8331,inque,6507,NULL,NULL,NULL,inque
8332,inque,6518,NULL,NULL,NULL,inque
8333,cōnsuluī,6560,NULL,NULL,NULL,cōnsulus
8334,net,7166,NULL,NULL,NULL,net
8335,nat,7182,NULL,NULL,NULL,nat
8336,sīuī,8199,NULL,NULL,NULL,sīuī
8339,uetāre,8930,NULL,NULL,NULL,uetāre
8343,hemonem,10475,NULL,NULL,NULL,hemo
8346,escas,12098,NULL,NULL,NULL,esca
8353,Maiia,15575,NULL,NULL,NULL,Maiia
8362,niuis,17675,NULL,NULL,NULL,niuis
8369,apur,21649,NULL,NULL,NULL,apur
8375,babaecalus,23492,NULL,NULL,NULL,babaecalus
8377,bēlāre,23719,NULL,NULL,NULL,bēlāi
8405,eunt,34602,NULL,NULL,NULL,eo
8406,īuī,34608,NULL,NULL,NULL,īuī
8414,prorītāre,36562,NULL,NULL,NULL,prorītāo
8415,sumus,37075,NULL,NULL,NULL,sum
8416,estōd,37178,NULL,NULL,NULL,
8419,gelus,38520,NULL,NULL,NULL,gelus
8425,hemōnem,41226,NULL,NULL,NULL,hemōn
8435,callus,46917,NULL,NULL,NULL,callus
8436,ebulcalium,46928,NULL,NULL,NULL,ebulcalis
8444,incēnsa,49306,NULL,NULL,NULL,incēnsa
8449,cracentēs,50182,NULL,NULL,NULL,craceo
8456,conquināre,52612,NULL,NULL,NULL,conquināre
8458,quăsillus,52914,NULL,NULL,NULL,quăsillus
8459,incolere,53184,NULL,NULL,NULL,incolo
8472,mācerāre,56933,NULL,NULL,NULL,mācerāo
8485,sēmēnstris,59008,NULL,NULL,NULL,sēmēnster
8489,imbractum,59477,NULL,NULL,NULL,imbro
8493,muttō,60334,NULL,NULL,NULL,muttus
8524,pussula,66199,NULL,NULL,NULL,pussula
8533,sācris,67990,NULL,NULL,NULL,sācer
8535,Samnītes,68336,NULL,NULL,NULL,samnītis
8546,concipilāre,71471,NULL,NULL,NULL,concipilāre
8555,sterculīnum,77766,NULL,NULL,NULL,sterculīnus
8561,surcellus,78887,NULL,NULL,NULL,surcellus
8565,tulam,79504,NULL,NULL,NULL,tula
8570,tutubāre,81701,NULL,NULL,NULL,tutubāo
8575,ueia,82995,NULL,NULL,NULL,ueia
8579,uarulus,85059,NULL,NULL,NULL,uarulus
8583,fidī,98,NULL,NULL,NULL,fio
8585,frēgī,424,NULL,NULL,NULL,frēgī
8586,fīerī,521,NULL,NULL,NULL,fīer
8588,genuī,1454,NULL,NULL,NULL,genuī
8589,glūpsī,1799,NULL,NULL,NULL,glūco
8590,uenire,2049,NULL,NULL,NULL,uenio
8591,uēnī,2053,NULL,NULL,NULL,uēnī
8593,edim,2323,NULL,NULL,NULL,edimis
8594,est,2494,NULL,NULL,NULL,sum
8596,induī,2931,NULL,NULL,NULL,induī
8600,mīxī,3270,NULL,NULL,NULL,mīxī
8602,cluere,3720,NULL,NULL,NULL,cluo
8604,currere,3958,NULL,NULL,NULL,curro
8606,soluere,4836,NULL,NULL,NULL,soluo
8607,madēre,4893,NULL,NULL,NULL,madēer
8608,mitat,5043,NULL,NULL,NULL,mito
8612,poposcī,6006,NULL,NULL,NULL,poposcī
8613,sedī,6308,NULL,NULL,NULL,
8619,abstulās,7869,NULL,NULL,NULL,abstulās
8621,totondī,7962,NULL,NULL,NULL,toton
8623,uult,8694,NULL,NULL,NULL,uolo
8624,uortī,8889,NULL,NULL,NULL,uortus
8625,uetuī,8926,NULL,NULL,NULL,uetus
8628,datū,9980,NULL,NULL,NULL,do
8633,condere,10693,NULL,NULL,NULL,condo
8634,abdere,10694,NULL,NULL,NULL,abdo
8637,adgnātus,11264,NULL,NULL,NULL,adgnātus
8638,gnātā,11279,NULL,NULL,NULL,
8641,bouem,11833,NULL,NULL,NULL,bos
8643,hērem,12021,NULL,NULL,NULL,hēris
8648,sūcerdae,14810,NULL,NULL,NULL,sūcerda
8652,robosem,17036,NULL,NULL,NULL,robos
8662,acēre,20141,NULL,NULL,NULL,aco
8664,olitana,20427,NULL,NULL,NULL,olitanus
8665,olitinata,20428,NULL,NULL,NULL,olitino
8666,alers,20496,NULL,NULL,NULL,alers
8669,alers,21949,NULL,NULL,NULL,alers
8673,Ostrogothae,23348,NULL,NULL,NULL,ostrogotha
8674,Austrogoti,23349,NULL,NULL,NULL,austrogo
8677,fascināre,23553,NULL,NULL,NULL,fascināes
8685,fibrī,26081,NULL,NULL,NULL,fibres
8705,effāfilātus,31265,NULL,NULL,NULL,effāfilātus
8706,abdere,31389,NULL,NULL,NULL,abdo
8707,condere,31390,NULL,NULL,NULL,condo
8710,eis,33883,NULL,NULL,NULL,is
8717,interuias,35669,NULL,NULL,NULL,interuia
8723,est,37073,NULL,NULL,NULL,sum
8731,nārrāre,39199,NULL,NULL,NULL,nārrāo
8733,oculi,40703,NULL,NULL,NULL,oculus
8735,haesitāre,40967,NULL,NULL,NULL,haesitāre
8739,hā,45712,NULL,NULL,NULL,hā
8747,percontārī,49331,NULL,NULL,NULL,percontār
8750,carius,50008,NULL,NULL,NULL,carius
8761,cluor,51553,NULL,NULL,NULL,cluor
8768,utra,53753,NULL,NULL,NULL,uter
8781,moderāre,57396,NULL,NULL,NULL,moderāo
8813,putāre,64882,NULL,NULL,NULL,putārus
8814,putāre,64894,NULL,NULL,NULL,putārus
8819,Letauia,65243,NULL,NULL,NULL,letaueo
8822,pūssus,65881,NULL,NULL,NULL,pūssus
8824,prūrīre,66078,NULL,NULL,NULL,prūrio
8841,cappulāre,71470,NULL,NULL,NULL,cappulāre
8855,sonere,78678,NULL,NULL,NULL,sono
8869,ululāre,82153,NULL,NULL,NULL,ululāris
8879,uapiō,84965,NULL,NULL,NULL,uapiō
8886,Präs,593,NULL,NULL,NULL,präo
8887,indulsī,712,NULL,NULL,NULL,indulo
8889,operire,2287,NULL,NULL,NULL,operio
8890,olēre,2775,NULL,NULL,NULL,olēer
8891,ambulāre,2798,NULL,NULL,NULL,ambulāri
8896,moluī,5097,NULL,NULL,NULL,molus
8898,mergere,5264,NULL,NULL,NULL,mergo
8899,mergere,5265,NULL,NULL,NULL,mergo
8924,uirēre,8609,NULL,NULL,NULL,uiro
8933,Diouem,10173,NULL,NULL,NULL,diouis
8935,homōnem,10476,NULL,NULL,NULL,homōn
8938,gnāuus,11254,NULL,NULL,NULL,gnāuus
8939,ignōtu,11363,NULL,NULL,NULL,igngo
8941,leibertās,12630,NULL,NULL,NULL,leibertās
8942,arguere,13496,NULL,NULL,NULL,arguo
8955,patris,16632,NULL,NULL,NULL,pater
8958,rotulus,16978,NULL,NULL,NULL,rotulus
8959,senis,17539,NULL,NULL,NULL,senes
8960,statū,18126,NULL,NULL,NULL,sto
8961,loca,18298,NULL,NULL,NULL,locus
8966,ollī,20424,NULL,NULL,NULL,oll
8969,aulla,23389,NULL,NULL,NULL,aullus
8972,fodicāre,24689,NULL,NULL,NULL,fodicor
8993,doucō,30512,NULL,NULL,NULL,do
8997,bi,31027,NULL,NULL,NULL,bi
9005,Aius,34427,NULL,NULL,NULL,Aius
9010,onerāre,36142,NULL,NULL,NULL,onerā
9020,faedus,40943,NULL,NULL,NULL,faedus
9028,effūsī,43095,NULL,NULL,NULL,effūsī
9040,caurīre,47619,NULL,NULL,NULL,caurīo
9052,clāuiculae,51418,NULL,NULL,NULL,clāuicula
9053,hīsce,51688,NULL,NULL,NULL,hīscus
9058,Quorta,53423,NULL,NULL,NULL,quortus
9060,quirquir,53653,NULL,NULL,NULL,quilquis
9063,laetāre,53988,NULL,NULL,NULL,laetārum
9066,pollicērī,55062,NULL,NULL,NULL,pollicērī
9067,lapit,55637,NULL,NULL,NULL,lapio
9081,mussāre,60231,NULL,NULL,NULL,mussāre
9082,conmūgentō,60234,NULL,NULL,NULL,
9115,propteruus,64833,NULL,NULL,NULL,propteruus
9126,rigare,66667,NULL,NULL,NULL,rigo
9134,praesaepēs,67986,NULL,NULL,NULL,praesaepēs
9164,excarpo,72319,NULL,NULL,NULL,excarpum
9173,tēgula,76557,NULL,NULL,NULL,tēgula
9183,consīderāre,78416,NULL,NULL,NULL,consīderārio
9187,tāliāre,79180,NULL,NULL,NULL,tāliāre
9188,texor,79347,NULL,NULL,NULL,texor
9191,intrāre,80363,NULL,NULL,NULL,intro
9192,istum,81072,NULL,NULL,NULL,iste
9198,inuītāre,83299,NULL,NULL,NULL,inuītāre
9199,uēcus,83790,NULL,NULL,NULL,uēcus
9200,uībix,83842,NULL,NULL,NULL,uībix
9211,mulcēre,2278,NULL,NULL,NULL,mulcēria
9212,īcī,2738,NULL,NULL,NULL,īcī
9214,cubuī,3986,NULL,NULL,NULL,cubus
9215,cumbō,3987,NULL,NULL,NULL,cumbōum
9216,clepsī,4059,NULL,NULL,NULL,clepsī
9218,medērī,4933,NULL,NULL,NULL,medērīo
9221,pexī,5639,NULL,NULL,NULL,
9222,coxī,5665,NULL,NULL,NULL,
9223,pepēdī,5790,NULL,NULL,NULL,pepēdum
9225,secuī,6466,NULL,NULL,NULL,secus
9226,quassī,7064,NULL,NULL,NULL,quassa
9227,nēre,7167,NULL,NULL,NULL,nēre
9228,nāmus,7183,NULL,NULL,NULL,nāmus
9230,nūpsī,7211,NULL,NULL,NULL,nūpsī
9234,stetī,7446,NULL,NULL,NULL,
9235,stāre,7460,NULL,NULL,NULL,sto
9237,tutudī,7611,NULL,NULL,NULL,
9238,terere,8020,NULL,NULL,NULL,tereo
9241,uīcī,8582,NULL,NULL,NULL,uīcī
9242,uelim,8695,NULL,NULL,NULL,uelio
9243,datrīx,9957,NULL,NULL,NULL,do
9245,perendinum,10134,NULL,NULL,NULL,perendeo
9247,Ioue,10177,NULL,NULL,NULL,ios
9248,Ioue,10182,NULL,NULL,NULL,ios
9249,deiuom,10279,NULL,NULL,NULL,deuuus
9250,aurufex,10794,NULL,NULL,NULL,aurufex
9255,ēsum,12076,NULL,NULL,NULL,ēsus
9258,uītāre,12330,NULL,NULL,NULL,uītāa
9259,fūstigāre,12891,NULL,NULL,NULL,fūstigāre
9265,iecinis,14471,NULL,NULL,NULL,iecinum
9281,lītigāre,19461,NULL,NULL,NULL,lītiger
9283,acerabulus,20264,NULL,NULL,NULL,acerabulus
9285,alēscere,20550,NULL,NULL,NULL,alēsco
9286,coalēscere,20551,NULL,NULL,NULL,coalēsco
9288,anses,21515,NULL,NULL,NULL,anses
9296,ballaena,25110,NULL,NULL,NULL,ballaenus
9301,suffrāginēs,27593,NULL,NULL,NULL,suffrāginē
9309,duonos,30392,NULL,NULL,NULL,duonus
9310,ēducāre,30525,NULL,NULL,NULL,ēducāo
9313,fēta,31791,NULL,NULL,NULL,fēo
9318,fūmāre,32798,NULL,NULL,NULL,fūmār
9319,dūnum,32900,NULL,NULL,NULL,dūnus
9322,uītāre,34701,NULL,NULL,NULL,uītāa
9325,irrītāre,36561,NULL,NULL,NULL,irrītāor
9329,glittūs,38352,NULL,NULL,NULL,glittūs
9335,guttura,40098,NULL,NULL,NULL,guttura
9338,praehendō,42523,NULL,NULL,NULL,praehendm
9349,ious,46310,NULL,NULL,NULL,ious
9356,captāre,47105,NULL,NULL,NULL,captāo
9371,cumbō,50631,NULL,NULL,NULL,cumbōum
9384,labōrāre,54167,NULL,NULL,NULL,labōrāor
9389,litāre,54757,NULL,NULL,NULL,litāer
9401,Mutunus,60335,NULL,NULL,NULL,Mutunus
9409,prō̆pāgāre,62357,NULL,NULL,NULL,prō̆pāo
9411,tribrisine,62611,NULL,NULL,NULL,tribrisine
9419,palpebrae,63243,NULL,NULL,NULL,palpebra
9430,depuuere,64899,NULL,NULL,NULL,depuuo
9431,amputāre,64902,NULL,NULL,NULL,amputārus
9452,Sēmōnēs,68779,NULL,NULL,NULL,Sēmōnēs
9453,siat,69006,NULL,NULL,NULL,sio
9455,asignas,69127,NULL,NULL,NULL,asignus
9467,crusina,72236,NULL,NULL,NULL,crusinus
9473,lurcor,73694,NULL,NULL,NULL,lurcor
9481,sparum,75170,NULL,NULL,NULL,sparus
9483,restaurāre,76282,NULL,NULL,NULL,restaurāre
9487,titubāre,77929,NULL,NULL,NULL,titubāo
9492,temptō,79722,NULL,NULL,NULL,tempt
9497,tucca,80713,NULL,NULL,NULL,tucca
9501,truella,81887,NULL,NULL,NULL,truella
9505,formaticum,81988,NULL,NULL,NULL,formaticus
9508,uigilāre,82874,NULL,NULL,NULL,uigilio
9512,branca,85309,NULL,NULL,NULL,branca
