id,match_str,lex_ref_link_id,lex_ref_gloss,lex_master_id,lex_master_gloss
4552,factud,1108,NULL,NULL,NULL
4555,fīxī,1157,NULL,NULL,NULL
4591,fer,9331,NULL,NULL,NULL
4592,Dioue,10176,NULL,NULL,NULL
4593,Iouem,10180,NULL,NULL,NULL
4609,arātum,13581,NULL,NULL,NULL
4619,patrīnus,16715,NULL,NULL,NULL
4630,Interocrea,20307,NULL,NULL,NULL
4636,babiger,23495,NULL,NULL,NULL
4637,Fabidius,24311,NULL,NULL,NULL
4643,fer,25695,NULL,NULL,NULL
4665,dosinus,33372,NULL,NULL,NULL
4679,assyr,37300,NULL,NULL,NULL
4688,gruere,39507,NULL,NULL,NULL
4692,hirrīre,42605,NULL,NULL,NULL
4755,opere,61975,NULL,NULL,NULL
4762,procum,64127,NULL,NULL,NULL
4781,sōc,68429,NULL,NULL,NULL
4799,σπιθίαι,74797,NULL,NULL,NULL
4844,prodēre,602,NULL,NULL,NULL
4850,iūnxī,3467,NULL,NULL,NULL
4868,uertī,8877,NULL,NULL,NULL
4882,nationu,11303,NULL,NULL,NULL
4894,angiportum,13279,NULL,NULL,NULL
4911,coctum,16530,NULL,NULL,NULL
4931,Bōcōnia,24388,NULL,NULL,NULL
4945,brīsāre,27668,NULL,NULL,NULL
4950,dumnē,28428,NULL,NULL,NULL
4964,eisdem,33884,NULL,NULL,NULL
4975,assarātum,37301,NULL,NULL,NULL
4976,reduuiae,37425,NULL,NULL,NULL
5014,Lallia,53887,NULL,NULL,NULL
5015,dīligere,54351,NULL,NULL,NULL
5020,mahonus,56946,NULL,NULL,NULL
5022,mihi,57137,NULL,NULL,NULL
5024,micciō,58041,NULL,NULL,NULL
5032,mutidus,60331,NULL,NULL,NULL
5076,Pennocrucium,71887,NULL,NULL,NULL
5139,ingruī,1944,NULL,NULL,NULL
5140,iēcī,2257,NULL,NULL,NULL
5149,clepere,4053,NULL,NULL,NULL
5169,genere,11216,NULL,NULL,NULL
5174,nāuex,12877,NULL,NULL,NULL
5202,alterāre,20515,NULL,NULL,NULL
5207,babit,23494,NULL,NULL,NULL
5216,frontēsia,26402,NULL,NULL,NULL
5224,dēterrimus,28479,NULL,NULL,NULL
5232,trustis,30289,NULL,NULL,NULL
5242,id,33885,NULL,NULL,NULL
5245,ēdimus,34238,NULL,NULL,NULL
5251,oitile,34704,NULL,NULL,NULL
5288,uoltur,44983,NULL,NULL,NULL
5289,uolturus,44984,NULL,NULL,NULL
5291,iotta,46055,NULL,NULL,NULL
5313,cacabāre,51838,NULL,NULL,NULL
5315,serescunt,52465,NULL,NULL,NULL
5316,ancunulentae,52614,NULL,NULL,NULL
5325,Lalla,53886,NULL,NULL,NULL
5383,ragere,66873,NULL,NULL,NULL
5394,dēsinere,68826,NULL,NULL,NULL
5409,solidāre,74557,NULL,NULL,NULL
5412,spīcārium,74617,NULL,NULL,NULL
5443,uitus,83181,NULL,NULL,NULL
5453,uersiōn,85394,NULL,NULL,NULL
5462,foue,1244,NULL,NULL,NULL
5474,lūī,4828,NULL,NULL,NULL
5500,Fort,9286,NULL,NULL,NULL
5501,datum,9979,NULL,NULL,NULL
5502,datum,10039,NULL,NULL,NULL
5534,auillus,19694,NULL,NULL,NULL
5537,allers,20497,NULL,NULL,NULL
5538,adolēscere,20552,NULL,NULL,NULL
5539,allers,21948,NULL,NULL,NULL
5543,auca,23289,NULL,NULL,NULL
5562,drauoca,29908,NULL,NULL,NULL
5564,datum,30735,NULL,NULL,NULL
5567,perdere,31393,NULL,NULL,NULL
5571,danea,32165,NULL,NULL,NULL
5612,epocalium,46927,NULL,NULL,NULL
5641,intellegere,54352,NULL,NULL,NULL
5661,martellus,58083,NULL,NULL,NULL
5667,nāuigāre,60423,NULL,NULL,NULL
5670,Nōdonti,61251,NULL,NULL,NULL
5677,paenitet,62640,NULL,NULL,NULL
5681,plusima,63178,NULL,NULL,NULL
5701,rancāre,66864,NULL,NULL,NULL
5715,sarctus,70184,NULL,NULL,NULL
5719,scirpea,72591,NULL,NULL,NULL
5733,stupendus,77928,NULL,NULL,NULL
5737,tālia,79179,NULL,NULL,NULL
5740,pertinēre,79788,NULL,NULL,NULL
5774,algēre,2790,NULL,NULL,NULL
5776,oit,3195,NULL,NULL,NULL
5802,diem,10212,NULL,NULL,NULL
5819,leuior,15175,NULL,NULL,NULL
5834,exigere,19466,NULL,NULL,NULL
5836,acuere,20196,NULL,NULL,NULL
5845,Baunonia,24321,NULL,NULL,NULL
5862,δρυναίμετον,30235,NULL,NULL,NULL
5881,interus,35674,NULL,NULL,NULL
5884,tūne,36074,NULL,NULL,NULL
5895,hippitāre,41538,NULL,NULL,NULL
5897,uallessit,44382,NULL,NULL,NULL
5908,cicendula,47046,NULL,NULL,NULL
5922,coirauit,51829,NULL,NULL,NULL
5955,manganum,58976,NULL,NULL,NULL
5961,Nōdenti,61252,NULL,NULL,NULL
6012,scarpinat,72320,NULL,NULL,NULL
6014,scrautum,72519,NULL,NULL,NULL
6016,nēmen,74150,NULL,NULL,NULL
6022,σπιθάμη,74796,NULL,NULL,NULL
6026,despondēre,75100,NULL,NULL,NULL
6139,pōrcet,21813,NULL,NULL,NULL
6158,Decumius,29009,NULL,NULL,NULL
6161,Truentus,29683,NULL,NULL,NULL
6163,danunt,30711,NULL,NULL,NULL
6164,crēdere,31394,NULL,NULL,NULL
6173,emptum,35500,NULL,NULL,NULL
6174,erat,37157,NULL,NULL,NULL
6177,Zypressenzapfen,38133,NULL,NULL,NULL
6180,ignārurēs,39198,NULL,NULL,NULL
6187,exippitāre,41539,NULL,NULL,NULL
6202,facētiae,45683,NULL,NULL,NULL
6220,carpisculum,50158,NULL,NULL,NULL
6226,cluuior,51502,NULL,NULL,NULL
6227,clunāculum,51624,NULL,NULL,NULL
6229,citimus,51715,NULL,NULL,NULL
6241,neglegere,54353,NULL,NULL,NULL
6262,ossu,62098,NULL,NULL,NULL
6267,paca,62359,NULL,NULL,NULL
6268,tribřic̨u,62610,NULL,NULL,NULL
6269,pēminōsus,62657,NULL,NULL,NULL
6278,patre,65011,NULL,NULL,NULL
6293,sūdum,68189,NULL,NULL,NULL
6313,screa,72443,NULL,NULL,NULL
6370,offendere,2171,NULL,NULL,NULL
6373,icō,2737,NULL,NULL,NULL
6383,luere,4835,NULL,NULL,NULL
6394,attulat,7870,NULL,NULL,NULL
6421,aureae,14419,NULL,NULL,NULL
6425,mūscerdae,14809,NULL,NULL,NULL
6434,patrēs,16633,NULL,NULL,NULL
6437,salis,17147,NULL,NULL,NULL
6444,Praestita,18013,NULL,NULL,NULL
6453,īcō,19969,NULL,NULL,NULL
6461,bambalō,23532,NULL,NULL,NULL
6489,Furiae,33266,NULL,NULL,NULL
6504,glēbō,38148,NULL,NULL,NULL
6513,gnāruris,39197,NULL,NULL,NULL
6520,gabulum,40927,NULL,NULL,NULL
6524,offendere,45492,NULL,NULL,NULL
6530,caputrum,47092,NULL,NULL,NULL
6546,cauellum,50846,NULL,NULL,NULL
6550,coaxare,52580,NULL,NULL,NULL
6561,pollūcēre,56276,NULL,NULL,NULL
6565,mattiuca,57037,NULL,NULL,NULL
6577,mutmut,60179,NULL,NULL,NULL
6581,dēnicāles,60834,NULL,NULL,NULL
6582,ēnectāre,60837,NULL,NULL,NULL
6585,opiōn,61976,NULL,NULL,NULL
6587,aureae,62205,NULL,NULL,NULL
6589,panceps,62413,NULL,NULL,NULL
6607,patres,65008,NULL,NULL,NULL
6609,pippitāre,65083,NULL,NULL,NULL
6648,respondēre,75099,NULL,NULL,NULL
6676,uassus,82223,NULL,NULL,NULL
6677,uassallus,82224,NULL,NULL,NULL
6699,mulsī,2275,NULL,NULL,NULL
6701,mulsī,2984,NULL,NULL,NULL
6731,conditum,10681,NULL,NULL,NULL
6741,iūgera,14539,NULL,NULL,NULL
6746,cane,15041,NULL,NULL,NULL
6750,breuior,15887,NULL,NULL,NULL
6777,altāre,20674,NULL,NULL,NULL
6799,derbita,29926,NULL,NULL,NULL
6803,duae,30982,NULL,NULL,NULL
6805,conditum,31372,NULL,NULL,NULL
6823,sunt,37077,NULL,NULL,NULL
6840,iūgera,46138,NULL,NULL,NULL
6863,clepta,51388,NULL,NULL,NULL
6890,melca,58517,NULL,NULL,NULL
6899,neriōsus,61050,NULL,NULL,NULL
6907,osseum,62097,NULL,NULL,NULL
6945,crocina,72228,NULL,NULL,NULL
6974,templa,79720,NULL,NULL,NULL
6989,Venus,84780,NULL,NULL,NULL
6999,reddere,1048,NULL,NULL,NULL
7000,reddidī,1079,NULL,NULL,NULL
7027,pungere,5825,NULL,NULL,NULL
7036,reddere,9991,NULL,NULL,NULL
7038,biduum,10267,NULL,NULL,NULL
7076,amma,20994,NULL,NULL,NULL
7077,ānsae,21494,NULL,NULL,NULL
7078,antārium,21555,NULL,NULL,NULL
7080,auxilis,23255,NULL,NULL,NULL
7088,fulgus,25383,NULL,NULL,NULL
7092,fuam,26692,NULL,NULL,NULL
7093,bō,26695,NULL,NULL,NULL
7094,futāuit,26696,NULL,NULL,NULL
7102,biduum,28627,NULL,NULL,NULL
7108,domuī,29420,NULL,NULL,NULL
7116,emem,33888,NULL,NULL,NULL
7126,estis,37076,NULL,NULL,NULL
7175,clocca,51159,NULL,NULL,NULL
7184,quae,53509,NULL,NULL,NULL
7199,relicuos,55098,NULL,NULL,NULL
7237,plēmināre,63113,NULL,NULL,NULL
7239,plēmināre,63138,NULL,NULL,NULL
7242,pollenta,63308,NULL,NULL,NULL
7247,prī,63920,NULL,NULL,NULL
7285,hapia,71478,NULL,NULL,NULL
7316,tōnsillae,79962,NULL,NULL,NULL
7345,fremere,454,NULL,NULL,NULL
7388,iteris,12237,NULL,NULL,NULL
7406,rūbius,17068,NULL,NULL,NULL
7413,statum,18125,NULL,NULL,NULL
7421,anatīna,21238,NULL,NULL,NULL
7434,barmbraccus,27496,NULL,NULL,NULL
7437,agedum,28424,NULL,NULL,NULL
7438,manedum,28425,NULL,NULL,NULL
7447,fōculum,31655,NULL,NULL,NULL
7466,Eprius,36187,NULL,NULL,NULL
7467,triresmom,36943,NULL,NULL,NULL
7488,boue,45016,NULL,NULL,NULL
7504,catanus,47937,NULL,NULL,NULL
7518,cacillāre,51840,NULL,NULL,NULL
7597,cōnsulere,69378,NULL,NULL,NULL
7624,prosternere,77669,NULL,NULL,NULL
7632,tōlēs,79961,NULL,NULL,NULL
7638,tetrax,80606,NULL,NULL,NULL
7646,uolēmum,82520,NULL,NULL,NULL
7648,uatāx,82617,NULL,NULL,NULL
7657,uerberāre,85152,NULL,NULL,NULL
7673,crēuī,3625,NULL,NULL,NULL
7674,crēuī,4102,NULL,NULL,NULL
7681,pacunt,5550,NULL,NULL,NULL
7696,imbus,9696,NULL,NULL,NULL
7715,aeuus,13014,NULL,NULL,NULL
7722,nouior,16208,NULL,NULL,NULL
7726,patrem,16631,NULL,NULL,NULL
7739,aeuus,20092,NULL,NULL,NULL
7741,ancrae,21405,NULL,NULL,NULL
7746,bēbō,23717,NULL,NULL,NULL
7750,uidubium,24946,NULL,NULL,NULL
7757,bam,26693,NULL,NULL,NULL
7760,blundus,27205,NULL,NULL,NULL
7767,dīum,28638,NULL,NULL,NULL
7769,trIcontis,28999,NULL,NULL,NULL
7782,eh,33834,NULL,NULL,NULL
7786,edulus,34339,NULL,NULL,NULL
7789,eh,34581,NULL,NULL,NULL
7796,egone,36073,NULL,NULL,NULL
7821,Iegius,45859,NULL,NULL,NULL
7883,mallum,59913,NULL,NULL,NULL
7885,nāsum,60398,NULL,NULL,NULL
7888,nūntium,61182,NULL,NULL,NULL
7892,pacunt,62348,NULL,NULL,NULL
7932,sacēna,69122,NULL,NULL,NULL
7939,būcerda,72552,NULL,NULL,NULL
7942,medullae,73989,NULL,NULL,NULL
7961,turgiō,80858,NULL,NULL,NULL
7974,uidua,83555,NULL,NULL,NULL
7990,ire,2361,NULL,NULL,NULL
8003,rŭdere,6213,NULL,NULL,NULL
8004,inquit,6506,NULL,NULL,NULL
8005,inquit,6517,NULL,NULL,NULL
8019,uiēre,8942,NULL,NULL,NULL
8025,dare,9990,NULL,NULL,NULL
8029,Vēdius,10245,NULL,NULL,NULL
8041,esu,12077,NULL,NULL,NULL
8079,abolēscere,20554,NULL,NULL,NULL
8080,albarus,20738,NULL,NULL,NULL
8081,Albia,20775,NULL,NULL,NULL
8082,ampla,20965,NULL,NULL,NULL
8092,Ζεὺς,25527,NULL,NULL,NULL
8107,Vēdiū̆s,28603,NULL,NULL,NULL
8125,eam,33917,NULL,NULL,NULL
8131,septeresmom,36944,NULL,NULL,NULL
8144,nēgi,41349,NULL,NULL,NULL
8153,aduenam,43989,NULL,NULL,NULL
8167,calliomarcus,46926,NULL,NULL,NULL
8192,cui,53520,NULL,NULL,NULL
8197,lēgāre,54358,NULL,NULL,NULL
8223,mūgilāre,60238,NULL,NULL,NULL
8256,rōbius,67690,NULL,NULL,NULL
8262,asignae,69124,NULL,NULL,NULL
8276,scramis,72395,NULL,NULL,NULL
8295,amptruō,81889,NULL,NULL,NULL
8308,uerbera,85151,NULL,NULL,NULL
8315,dedī,615,NULL,NULL,NULL
8324,mānsī,5178,NULL,NULL,NULL
8334,net,7166,NULL,NULL,NULL
8343,hemonem,10475,NULL,NULL,NULL
8346,escas,12098,NULL,NULL,NULL
8375,babaecalus,23492,NULL,NULL,NULL
8405,eunt,34602,NULL,NULL,NULL
8406,īuī,34608,NULL,NULL,NULL
8415,sumus,37075,NULL,NULL,NULL
8425,hemōnem,41226,NULL,NULL,NULL
8435,callus,46917,NULL,NULL,NULL
8436,ebulcalium,46928,NULL,NULL,NULL
8459,incolere,53184,NULL,NULL,NULL
8489,imbractum,59477,NULL,NULL,NULL
8533,sācris,67990,NULL,NULL,NULL
8546,concipilāre,71471,NULL,NULL,NULL
8561,surcellus,78887,NULL,NULL,NULL
8575,ueia,82995,NULL,NULL,NULL
8579,uarulus,85059,NULL,NULL,NULL
8590,uenire,2049,NULL,NULL,NULL
8591,uēnī,2053,NULL,NULL,NULL
8593,edim,2323,NULL,NULL,NULL
8594,est,2494,NULL,NULL,NULL
8602,cluere,3720,NULL,NULL,NULL
8604,currere,3958,NULL,NULL,NULL
8606,soluere,4836,NULL,NULL,NULL
8623,uult,8694,NULL,NULL,NULL
8625,uetuī,8926,NULL,NULL,NULL
8628,datū,9980,NULL,NULL,NULL
8633,condere,10693,NULL,NULL,NULL
8634,abdere,10694,NULL,NULL,NULL
8638,gnātā,11279,NULL,NULL,NULL
8641,bouem,11833,NULL,NULL,NULL
8648,sūcerdae,14810,NULL,NULL,NULL
8664,olitana,20427,NULL,NULL,NULL
8665,olitinata,20428,NULL,NULL,NULL
8666,alers,20496,NULL,NULL,NULL
8669,alers,21949,NULL,NULL,NULL
8674,Austrogoti,23349,NULL,NULL,NULL
8706,abdere,31389,NULL,NULL,NULL
8707,condere,31390,NULL,NULL,NULL
8710,eis,33883,NULL,NULL,NULL
8717,interuias,35669,NULL,NULL,NULL
8723,est,37073,NULL,NULL,NULL
8733,oculi,40703,NULL,NULL,NULL
8750,carius,50008,NULL,NULL,NULL
8761,cluor,51553,NULL,NULL,NULL
8768,utra,53753,NULL,NULL,NULL
8819,Letauia,65243,NULL,NULL,NULL
8841,cappulāre,71470,NULL,NULL,NULL
8855,sonere,78678,NULL,NULL,NULL
8879,uapiō,84965,NULL,NULL,NULL
8889,operire,2287,NULL,NULL,NULL
8896,moluī,5097,NULL,NULL,NULL
8898,mergere,5264,NULL,NULL,NULL
8899,mergere,5265,NULL,NULL,NULL
8933,Diouem,10173,NULL,NULL,NULL
8942,arguere,13496,NULL,NULL,NULL
8955,patris,16632,NULL,NULL,NULL
8960,statū,18126,NULL,NULL,NULL
8961,loca,18298,NULL,NULL,NULL
9040,caurīre,47619,NULL,NULL,NULL
9052,clāuiculae,51418,NULL,NULL,NULL
9060,quirquir,53653,NULL,NULL,NULL
9067,lapit,55637,NULL,NULL,NULL
9115,propteruus,64833,NULL,NULL,NULL
9126,rigare,66667,NULL,NULL,NULL
9164,excarpo,72319,NULL,NULL,NULL
9187,tāliāre,79180,NULL,NULL,NULL
9192,istum,81072,NULL,NULL,NULL
9212,īcī,2738,NULL,NULL,NULL
9214,cubuī,3986,NULL,NULL,NULL
9226,quassī,7064,NULL,NULL,NULL
9227,nēre,7167,NULL,NULL,NULL
9241,uīcī,8582,NULL,NULL,NULL
9243,datrīx,9957,NULL,NULL,NULL
9247,Ioue,10177,NULL,NULL,NULL
9248,Ioue,10182,NULL,NULL,NULL
9281,lītigāre,19461,NULL,NULL,NULL
9283,acerabulus,20264,NULL,NULL,NULL
9285,alēscere,20550,NULL,NULL,NULL
9286,coalēscere,20551,NULL,NULL,NULL
9288,anses,21515,NULL,NULL,NULL
9296,ballaena,25110,NULL,NULL,NULL
9309,duonos,30392,NULL,NULL,NULL
9319,dūnum,32900,NULL,NULL,NULL
9411,tribrisine,62611,NULL,NULL,NULL
9419,palpebrae,63243,NULL,NULL,NULL
9453,siat,69006,NULL,NULL,NULL
9455,asignas,69127,NULL,NULL,NULL
9467,crusina,72236,NULL,NULL,NULL
9481,sparum,75170,NULL,NULL,NULL
9497,tucca,80713,NULL,NULL,NULL
9501,truella,81887,NULL,NULL,NULL
9505,formaticum,81988,NULL,NULL,NULL
9512,branca,85309,NULL,NULL,NULL
